Building DAG of jobs...
Using shell: /usr/bin/bash
Provided cluster nodes: 40
Job counts:
	count	jobs
	1	all
	75	calc_cov
	1	generate_plots
	75	merge_sites
	152

[Wed Oct 15 17:05:18 2025]
rule calc_cov:
    input: /projects/pangen/analysis/jtopham/samples/POG1199/frag/bams/POG1199-cfDNA.bam, /projects/pangen/analysis/hmac/applications/Griffin/snakemakes/griffin_GC_and_mappability_correction/results/GC_bias/POG1199.GC_bias.txt
    output: tmp/POG1199/tmp_bigWig/POG1199.uncorrected.bw, tmp/POG1199/tmp_bigWig/POG1199.GC_corrected.bw, tmp/POG1199/tmp_pybedtools
    jobid: 104
    wildcards: samples=POG1199

Submitted job 104 with external jobid 'Submitted batch job 18402934'.

[Wed Oct 15 17:05:18 2025]
rule calc_cov:
    input: /projects/pangen/analysis/jtopham/samples/POG1093/frag/bams/POG1093-cfDNA.bam, /projects/pangen/analysis/hmac/applications/Griffin/snakemakes/griffin_GC_and_mappability_correction/results/GC_bias/POG1093.GC_bias.txt
    output: tmp/POG1093/tmp_bigWig/POG1093.uncorrected.bw, tmp/POG1093/tmp_bigWig/POG1093.GC_corrected.bw, tmp/POG1093/tmp_pybedtools
    jobid: 92
    wildcards: samples=POG1093

Submitted job 92 with external jobid 'Submitted batch job 18402935'.

[Wed Oct 15 17:05:18 2025]
rule calc_cov:
    input: /projects/pangen/analysis/jtopham/samples/POG1018/frag/bams/POG1018-cfDNA.bam, /projects/pangen/analysis/hmac/applications/Griffin/snakemakes/griffin_GC_and_mappability_correction/results/GC_bias/POG1018.GC_bias.txt
    output: tmp/POG1018/tmp_bigWig/POG1018.uncorrected.bw, tmp/POG1018/tmp_bigWig/POG1018.GC_corrected.bw, tmp/POG1018/tmp_pybedtools
    jobid: 121
    wildcards: samples=POG1018

Submitted job 121 with external jobid 'Submitted batch job 18402936'.

[Wed Oct 15 17:05:18 2025]
rule calc_cov:
    input: /projects/pangen/analysis/jtopham/samples/PAN115/frag/bams/PAN115-cfDNA.bam, /projects/pangen/analysis/hmac/applications/Griffin/snakemakes/griffin_GC_and_mappability_correction/results/GC_bias/PAN115.GC_bias.txt
    output: tmp/PAN115/tmp_bigWig/PAN115.uncorrected.bw, tmp/PAN115/tmp_bigWig/PAN115.GC_corrected.bw, tmp/PAN115/tmp_pybedtools
    jobid: 134
    wildcards: samples=PAN115

Submitted job 134 with external jobid 'Submitted batch job 18402937'.

[Wed Oct 15 17:05:18 2025]
rule calc_cov:
    input: /projects/pangen/analysis/jtopham/samples/PAN061/frag/bams/PAN061-cfDNA.bam, /projects/pangen/analysis/hmac/applications/Griffin/snakemakes/griffin_GC_and_mappability_correction/results/GC_bias/PAN061.GC_bias.txt
    output: tmp/PAN061/tmp_bigWig/PAN061.uncorrected.bw, tmp/PAN061/tmp_bigWig/PAN061.GC_corrected.bw, tmp/PAN061/tmp_pybedtools
    jobid: 81
    wildcards: samples=PAN061

Submitted job 81 with external jobid 'Submitted batch job 18402938'.

[Wed Oct 15 17:05:18 2025]
rule calc_cov:
    input: /projects/pangen/analysis/jtopham/samples/POG998/frag/bams/POG998-cfDNA.bam, /projects/pangen/analysis/hmac/applications/Griffin/snakemakes/griffin_GC_and_mappability_correction/results/GC_bias/POG998.GC_bias.txt
    output: tmp/POG998/tmp_bigWig/POG998.uncorrected.bw, tmp/POG998/tmp_bigWig/POG998.GC_corrected.bw, tmp/POG998/tmp_pybedtools
    jobid: 145
    wildcards: samples=POG998

Submitted job 145 with external jobid 'Submitted batch job 18402939'.

[Wed Oct 15 17:05:18 2025]
rule calc_cov:
    input: /projects/pangen/analysis/jtopham/samples/POG1136/frag/bams/POG1136-cfDNA.bam, /projects/pangen/analysis/hmac/applications/Griffin/snakemakes/griffin_GC_and_mappability_correction/results/GC_bias/POG1136.GC_bias.txt
    output: tmp/POG1136/tmp_bigWig/POG1136.uncorrected.bw, tmp/POG1136/tmp_bigWig/POG1136.GC_corrected.bw, tmp/POG1136/tmp_pybedtools
    jobid: 123
    wildcards: samples=POG1136

Submitted job 123 with external jobid 'Submitted batch job 18402940'.

[Wed Oct 15 17:05:18 2025]
rule calc_cov:
    input: /projects/pangen/analysis/jtopham/samples/POG1132/frag/bams/POG1132-cfDNA.bam, /projects/pangen/analysis/hmac/applications/Griffin/snakemakes/griffin_GC_and_mappability_correction/results/GC_bias/POG1132.GC_bias.txt
    output: tmp/POG1132/tmp_bigWig/POG1132.uncorrected.bw, tmp/POG1132/tmp_bigWig/POG1132.GC_corrected.bw, tmp/POG1132/tmp_pybedtools
    jobid: 116
    wildcards: samples=POG1132

Submitted job 116 with external jobid 'Submitted batch job 18402941'.

[Wed Oct 15 17:05:18 2025]
rule calc_cov:
    input: /projects/pangen/analysis/jtopham/samples/POG757/frag/bams/POG757-cfDNA.bam, /projects/pangen/analysis/hmac/applications/Griffin/snakemakes/griffin_GC_and_mappability_correction/results/GC_bias/POG757.GC_bias.txt
    output: tmp/POG757/tmp_bigWig/POG757.uncorrected.bw, tmp/POG757/tmp_bigWig/POG757.GC_corrected.bw, tmp/POG757/tmp_pybedtools
    jobid: 141
    wildcards: samples=POG757

Submitted job 141 with external jobid 'Submitted batch job 18402942'.

[Wed Oct 15 17:05:18 2025]
rule calc_cov:
    input: /projects/pangen/analysis/jtopham/samples/POG1071/frag/bams/POG1071-cfDNA.bam, /projects/pangen/analysis/hmac/applications/Griffin/snakemakes/griffin_GC_and_mappability_correction/results/GC_bias/POG1071.GC_bias.txt
    output: tmp/POG1071/tmp_bigWig/POG1071.uncorrected.bw, tmp/POG1071/tmp_bigWig/POG1071.GC_corrected.bw, tmp/POG1071/tmp_pybedtools
    jobid: 144
    wildcards: samples=POG1071

Submitted job 144 with external jobid 'Submitted batch job 18402943'.

[Wed Oct 15 17:05:18 2025]
rule calc_cov:
    input: /projects/pangen/analysis/jtopham/samples/PAN074/frag/bams/PAN074-cfDNA.bam, /projects/pangen/analysis/hmac/applications/Griffin/snakemakes/griffin_GC_and_mappability_correction/results/GC_bias/PAN074.GC_bias.txt
    output: tmp/PAN074/tmp_bigWig/PAN074.uncorrected.bw, tmp/PAN074/tmp_bigWig/PAN074.GC_corrected.bw, tmp/PAN074/tmp_pybedtools
    jobid: 119
    wildcards: samples=PAN074

Submitted job 119 with external jobid 'Submitted batch job 18402944'.

[Wed Oct 15 17:05:18 2025]
rule calc_cov:
    input: /projects/pangen/analysis/jtopham/samples/POG1757/frag/bams/POG1757-cfDNA.bam, /projects/pangen/analysis/hmac/applications/Griffin/snakemakes/griffin_GC_and_mappability_correction/results/GC_bias/POG1757.GC_bias.txt
    output: tmp/POG1757/tmp_bigWig/POG1757.uncorrected.bw, tmp/POG1757/tmp_bigWig/POG1757.GC_corrected.bw, tmp/POG1757/tmp_pybedtools
    jobid: 101
    wildcards: samples=POG1757

Submitted job 101 with external jobid 'Submitted batch job 18402945'.

[Wed Oct 15 17:05:19 2025]
rule calc_cov:
    input: /projects/pangen/analysis/jtopham/samples/POG1011/frag/bams/POG1011-cfDNA.bam, /projects/pangen/analysis/hmac/applications/Griffin/snakemakes/griffin_GC_and_mappability_correction/results/GC_bias/POG1011.GC_bias.txt
    output: tmp/POG1011/tmp_bigWig/POG1011.uncorrected.bw, tmp/POG1011/tmp_bigWig/POG1011.GC_corrected.bw, tmp/POG1011/tmp_pybedtools
    jobid: 99
    wildcards: samples=POG1011

Submitted job 99 with external jobid 'Submitted batch job 18402946'.

[Wed Oct 15 17:05:19 2025]
rule calc_cov:
    input: /projects/pangen/analysis/jtopham/samples/PAN106/frag/bams/PAN106-cfDNA.bam, /projects/pangen/analysis/hmac/applications/Griffin/snakemakes/griffin_GC_and_mappability_correction/results/GC_bias/PAN106.GC_bias.txt
    output: tmp/PAN106/tmp_bigWig/PAN106.uncorrected.bw, tmp/PAN106/tmp_bigWig/PAN106.GC_corrected.bw, tmp/PAN106/tmp_pybedtools
    jobid: 110
    wildcards: samples=PAN106

Submitted job 110 with external jobid 'Submitted batch job 18402947'.

[Wed Oct 15 17:05:19 2025]
rule calc_cov:
    input: /projects/pangen/analysis/jtopham/samples/POG1151/frag/bams/POG1151-cfDNA.bam, /projects/pangen/analysis/hmac/applications/Griffin/snakemakes/griffin_GC_and_mappability_correction/results/GC_bias/POG1151.GC_bias.txt
    output: tmp/POG1151/tmp_bigWig/POG1151.uncorrected.bw, tmp/POG1151/tmp_bigWig/POG1151.GC_corrected.bw, tmp/POG1151/tmp_pybedtools
    jobid: 137
    wildcards: samples=POG1151

Submitted job 137 with external jobid 'Submitted batch job 18402948'.

[Wed Oct 15 17:05:19 2025]
rule calc_cov:
    input: /projects/pangen/analysis/jtopham/samples/POG1131/frag/bams/POG1131-cfDNA.bam, /projects/pangen/analysis/hmac/applications/Griffin/snakemakes/griffin_GC_and_mappability_correction/results/GC_bias/POG1131.GC_bias.txt
    output: tmp/POG1131/tmp_bigWig/POG1131.uncorrected.bw, tmp/POG1131/tmp_bigWig/POG1131.GC_corrected.bw, tmp/POG1131/tmp_pybedtools
    jobid: 139
    wildcards: samples=POG1131

Submitted job 139 with external jobid 'Submitted batch job 18402949'.

[Wed Oct 15 17:05:19 2025]
rule calc_cov:
    input: /projects/pangen/analysis/jtopham/samples/PAN076/frag/bams/PAN076-cfDNA.bam, /projects/pangen/analysis/hmac/applications/Griffin/snakemakes/griffin_GC_and_mappability_correction/results/GC_bias/PAN076.GC_bias.txt
    output: tmp/PAN076/tmp_bigWig/PAN076.uncorrected.bw, tmp/PAN076/tmp_bigWig/PAN076.GC_corrected.bw, tmp/PAN076/tmp_pybedtools
    jobid: 82
    wildcards: samples=PAN076

Submitted job 82 with external jobid 'Submitted batch job 18402950'.

[Wed Oct 15 17:05:19 2025]
rule calc_cov:
    input: /projects/pangen/analysis/jtopham/samples/POG1006/frag/bams/POG1006-cfDNA.bam, /projects/pangen/analysis/hmac/applications/Griffin/snakemakes/griffin_GC_and_mappability_correction/results/GC_bias/POG1006.GC_bias.txt
    output: tmp/POG1006/tmp_bigWig/POG1006.uncorrected.bw, tmp/POG1006/tmp_bigWig/POG1006.GC_corrected.bw, tmp/POG1006/tmp_pybedtools
    jobid: 103
    wildcards: samples=POG1006

Submitted job 103 with external jobid 'Submitted batch job 18402951'.

[Wed Oct 15 17:05:19 2025]
rule calc_cov:
    input: /projects/pangen/analysis/jtopham/samples/POG1072/frag/bams/POG1072-cfDNA.bam, /projects/pangen/analysis/hmac/applications/Griffin/snakemakes/griffin_GC_and_mappability_correction/results/GC_bias/POG1072.GC_bias.txt
    output: tmp/POG1072/tmp_bigWig/POG1072.uncorrected.bw, tmp/POG1072/tmp_bigWig/POG1072.GC_corrected.bw, tmp/POG1072/tmp_pybedtools
    jobid: 140
    wildcards: samples=POG1072

Submitted job 140 with external jobid 'Submitted batch job 18402952'.

[Wed Oct 15 17:05:19 2025]
rule calc_cov:
    input: /projects/pangen/analysis/jtopham/samples/POG1126/frag/bams/POG1126-cfDNA.bam, /projects/pangen/analysis/hmac/applications/Griffin/snakemakes/griffin_GC_and_mappability_correction/results/GC_bias/POG1126.GC_bias.txt
    output: tmp/POG1126/tmp_bigWig/POG1126.uncorrected.bw, tmp/POG1126/tmp_bigWig/POG1126.GC_corrected.bw, tmp/POG1126/tmp_pybedtools
    jobid: 90
    wildcards: samples=POG1126

Submitted job 90 with external jobid 'Submitted batch job 18402953'.

[Wed Oct 15 17:05:19 2025]
rule calc_cov:
    input: /projects/pangen/analysis/jtopham/samples/POG969/frag/bams/POG969-cfDNA.bam, /projects/pangen/analysis/hmac/applications/Griffin/snakemakes/griffin_GC_and_mappability_correction/results/GC_bias/POG969.GC_bias.txt
    output: tmp/POG969/tmp_bigWig/POG969.uncorrected.bw, tmp/POG969/tmp_bigWig/POG969.GC_corrected.bw, tmp/POG969/tmp_pybedtools
    jobid: 117
    wildcards: samples=POG969

Submitted job 117 with external jobid 'Submitted batch job 18402954'.

[Wed Oct 15 17:05:19 2025]
rule calc_cov:
    input: /projects/pangen/analysis/jtopham/samples/POG1129/frag/bams/POG1129-cfDNA.bam, /projects/pangen/analysis/hmac/applications/Griffin/snakemakes/griffin_GC_and_mappability_correction/results/GC_bias/POG1129.GC_bias.txt
    output: tmp/POG1129/tmp_bigWig/POG1129.uncorrected.bw, tmp/POG1129/tmp_bigWig/POG1129.GC_corrected.bw, tmp/POG1129/tmp_pybedtools
    jobid: 142
    wildcards: samples=POG1129

Submitted job 142 with external jobid 'Submitted batch job 18402955'.

[Wed Oct 15 17:05:19 2025]
rule calc_cov:
    input: /projects/pangen/analysis/jtopham/samples/PAN103/frag/bams/PAN103-cfDNA.bam, /projects/pangen/analysis/hmac/applications/Griffin/snakemakes/griffin_GC_and_mappability_correction/results/GC_bias/PAN103.GC_bias.txt
    output: tmp/PAN103/tmp_bigWig/PAN103.uncorrected.bw, tmp/PAN103/tmp_bigWig/PAN103.GC_corrected.bw, tmp/PAN103/tmp_pybedtools
    jobid: 79
    wildcards: samples=PAN103

Submitted job 79 with external jobid 'Submitted batch job 18402956'.

[Wed Oct 15 17:05:19 2025]
rule calc_cov:
    input: /projects/pangen/analysis/jtopham/samples/PAN069/frag/bams/PAN069-cfDNA.bam, /projects/pangen/analysis/hmac/applications/Griffin/snakemakes/griffin_GC_and_mappability_correction/results/GC_bias/PAN069.GC_bias.txt
    output: tmp/PAN069/tmp_bigWig/PAN069.uncorrected.bw, tmp/PAN069/tmp_bigWig/PAN069.GC_corrected.bw, tmp/PAN069/tmp_pybedtools
    jobid: 124
    wildcards: samples=PAN069

Submitted job 124 with external jobid 'Submitted batch job 18402957'.

[Wed Oct 15 17:05:19 2025]
rule calc_cov:
    input: /projects/pangen/analysis/jtopham/samples/POG2015/frag/bams/POG2015-cfDNA.bam, /projects/pangen/analysis/hmac/applications/Griffin/snakemakes/griffin_GC_and_mappability_correction/results/GC_bias/POG2015.GC_bias.txt
    output: tmp/POG2015/tmp_bigWig/POG2015.uncorrected.bw, tmp/POG2015/tmp_bigWig/POG2015.GC_corrected.bw, tmp/POG2015/tmp_pybedtools
    jobid: 130
    wildcards: samples=POG2015

Submitted job 130 with external jobid 'Submitted batch job 18402958'.

[Wed Oct 15 17:05:19 2025]
rule calc_cov:
    input: /projects/pangen/analysis/jtopham/samples/PAN054/frag/bams/PAN054-cfDNA.bam, /projects/pangen/analysis/hmac/applications/Griffin/snakemakes/griffin_GC_and_mappability_correction/results/GC_bias/PAN054.GC_bias.txt
    output: tmp/PAN054/tmp_bigWig/PAN054.uncorrected.bw, tmp/PAN054/tmp_bigWig/PAN054.GC_corrected.bw, tmp/PAN054/tmp_pybedtools
    jobid: 96
    wildcards: samples=PAN054

Submitted job 96 with external jobid 'Submitted batch job 18402959'.

[Wed Oct 15 17:05:19 2025]
rule calc_cov:
    input: /projects/pangen/analysis/jtopham/samples/POG2048/frag/bams/POG2048-cfDNA.bam, /projects/pangen/analysis/hmac/applications/Griffin/snakemakes/griffin_GC_and_mappability_correction/results/GC_bias/POG2048.GC_bias.txt
    output: tmp/POG2048/tmp_bigWig/POG2048.uncorrected.bw, tmp/POG2048/tmp_bigWig/POG2048.GC_corrected.bw, tmp/POG2048/tmp_pybedtools
    jobid: 131
    wildcards: samples=POG2048

Submitted job 131 with external jobid 'Submitted batch job 18402960'.

[Wed Oct 15 17:05:19 2025]
rule calc_cov:
    input: /projects/pangen/analysis/jtopham/samples/POG1083/frag/bams/POG1083-cfDNA.bam, /projects/pangen/analysis/hmac/applications/Griffin/snakemakes/griffin_GC_and_mappability_correction/results/GC_bias/POG1083.GC_bias.txt
    output: tmp/POG1083/tmp_bigWig/POG1083.uncorrected.bw, tmp/POG1083/tmp_bigWig/POG1083.GC_corrected.bw, tmp/POG1083/tmp_pybedtools
    jobid: 115
    wildcards: samples=POG1083

Submitted job 115 with external jobid 'Submitted batch job 18402961'.

[Wed Oct 15 17:05:19 2025]
rule calc_cov:
    input: /projects/pangen/analysis/jtopham/samples/POG2046/frag/bams/POG2046-cfDNA.bam, /projects/pangen/analysis/hmac/applications/Griffin/snakemakes/griffin_GC_and_mappability_correction/results/GC_bias/POG2046.GC_bias.txt
    output: tmp/POG2046/tmp_bigWig/POG2046.uncorrected.bw, tmp/POG2046/tmp_bigWig/POG2046.GC_corrected.bw, tmp/POG2046/tmp_pybedtools
    jobid: 129
    wildcards: samples=POG2046

Submitted job 129 with external jobid 'Submitted batch job 18402962'.

[Wed Oct 15 17:05:19 2025]
rule calc_cov:
    input: /projects/pangen/analysis/jtopham/samples/POG1008/frag/bams/POG1008-cfDNA.bam, /projects/pangen/analysis/hmac/applications/Griffin/snakemakes/griffin_GC_and_mappability_correction/results/GC_bias/POG1008.GC_bias.txt
    output: tmp/POG1008/tmp_bigWig/POG1008.uncorrected.bw, tmp/POG1008/tmp_bigWig/POG1008.GC_corrected.bw, tmp/POG1008/tmp_pybedtools
    jobid: 114
    wildcards: samples=POG1008

Submitted job 114 with external jobid 'Submitted batch job 18402963'.

[Wed Oct 15 17:05:19 2025]
rule calc_cov:
    input: /projects/pangen/analysis/jtopham/samples/PAN097/frag/bams/PAN097-cfDNA.bam, /projects/pangen/analysis/hmac/applications/Griffin/snakemakes/griffin_GC_and_mappability_correction/results/GC_bias/PAN097.GC_bias.txt
    output: tmp/PAN097/tmp_bigWig/PAN097.uncorrected.bw, tmp/PAN097/tmp_bigWig/PAN097.GC_corrected.bw, tmp/PAN097/tmp_pybedtools
    jobid: 146
    wildcards: samples=PAN097

Submitted job 146 with external jobid 'Submitted batch job 18402964'.

[Wed Oct 15 17:05:19 2025]
rule calc_cov:
    input: /projects/pangen/analysis/jtopham/samples/POG1291/frag/bams/POG1291-cfDNA.bam, /projects/pangen/analysis/hmac/applications/Griffin/snakemakes/griffin_GC_and_mappability_correction/results/GC_bias/POG1291.GC_bias.txt
    output: tmp/POG1291/tmp_bigWig/POG1291.uncorrected.bw, tmp/POG1291/tmp_bigWig/POG1291.GC_corrected.bw, tmp/POG1291/tmp_pybedtools
    jobid: 149
    wildcards: samples=POG1291

Submitted job 149 with external jobid 'Submitted batch job 18402965'.

[Wed Oct 15 17:05:20 2025]
rule calc_cov:
    input: /projects/pangen/analysis/jtopham/samples/POG1049/frag/bams/POG1049-cfDNA.bam, /projects/pangen/analysis/hmac/applications/Griffin/snakemakes/griffin_GC_and_mappability_correction/results/GC_bias/POG1049.GC_bias.txt
    output: tmp/POG1049/tmp_bigWig/POG1049.uncorrected.bw, tmp/POG1049/tmp_bigWig/POG1049.GC_corrected.bw, tmp/POG1049/tmp_pybedtools
    jobid: 98
    wildcards: samples=POG1049

Submitted job 98 with external jobid 'Submitted batch job 18402966'.

[Wed Oct 15 17:05:20 2025]
rule calc_cov:
    input: /projects/pangen/analysis/jtopham/samples/POG1651/frag/bams/POG1651-cfDNA.bam, /projects/pangen/analysis/hmac/applications/Griffin/snakemakes/griffin_GC_and_mappability_correction/results/GC_bias/POG1651.GC_bias.txt
    output: tmp/POG1651/tmp_bigWig/POG1651.uncorrected.bw, tmp/POG1651/tmp_bigWig/POG1651.GC_corrected.bw, tmp/POG1651/tmp_pybedtools
    jobid: 86
    wildcards: samples=POG1651

Submitted job 86 with external jobid 'Submitted batch job 18402967'.

[Wed Oct 15 17:05:20 2025]
rule calc_cov:
    input: /projects/pangen/analysis/jtopham/samples/POG1272/frag/bams/POG1272-cfDNA.bam, /projects/pangen/analysis/hmac/applications/Griffin/snakemakes/griffin_GC_and_mappability_correction/results/GC_bias/POG1272.GC_bias.txt
    output: tmp/POG1272/tmp_bigWig/POG1272.uncorrected.bw, tmp/POG1272/tmp_bigWig/POG1272.GC_corrected.bw, tmp/POG1272/tmp_pybedtools
    jobid: 120
    wildcards: samples=POG1272

Submitted job 120 with external jobid 'Submitted batch job 18402968'.

[Wed Oct 15 17:05:20 2025]
rule calc_cov:
    input: /projects/pangen/analysis/jtopham/samples/POG1801/frag/bams/POG1801-cfDNA.bam, /projects/pangen/analysis/hmac/applications/Griffin/snakemakes/griffin_GC_and_mappability_correction/results/GC_bias/POG1801.GC_bias.txt
    output: tmp/POG1801/tmp_bigWig/POG1801.uncorrected.bw, tmp/POG1801/tmp_bigWig/POG1801.GC_corrected.bw, tmp/POG1801/tmp_pybedtools
    jobid: 133
    wildcards: samples=POG1801

Submitted job 133 with external jobid 'Submitted batch job 18402969'.

[Wed Oct 15 17:05:20 2025]
rule calc_cov:
    input: /projects/pangen/analysis/jtopham/samples/POG1145/frag/bams/POG1145-cfDNA.bam, /projects/pangen/analysis/hmac/applications/Griffin/snakemakes/griffin_GC_and_mappability_correction/results/GC_bias/POG1145.GC_bias.txt
    output: tmp/POG1145/tmp_bigWig/POG1145.uncorrected.bw, tmp/POG1145/tmp_bigWig/POG1145.GC_corrected.bw, tmp/POG1145/tmp_pybedtools
    jobid: 77
    wildcards: samples=POG1145

Submitted job 77 with external jobid 'Submitted batch job 18402970'.

[Wed Oct 15 17:05:20 2025]
rule calc_cov:
    input: /projects/pangen/analysis/jtopham/samples/PAN067/frag/bams/PAN067-cfDNA.bam, /projects/pangen/analysis/hmac/applications/Griffin/snakemakes/griffin_GC_and_mappability_correction/results/GC_bias/PAN067.GC_bias.txt
    output: tmp/PAN067/tmp_bigWig/PAN067.uncorrected.bw, tmp/PAN067/tmp_bigWig/PAN067.GC_corrected.bw, tmp/PAN067/tmp_pybedtools
    jobid: 111
    wildcards: samples=PAN067

Submitted job 111 with external jobid 'Submitted batch job 18402971'.

[Wed Oct 15 17:05:20 2025]
rule calc_cov:
    input: /projects/pangen/analysis/jtopham/samples/POG966/frag/bams/POG966-cfDNA.bam, /projects/pangen/analysis/hmac/applications/Griffin/snakemakes/griffin_GC_and_mappability_correction/results/GC_bias/POG966.GC_bias.txt
    output: tmp/POG966/tmp_bigWig/POG966.uncorrected.bw, tmp/POG966/tmp_bigWig/POG966.GC_corrected.bw, tmp/POG966/tmp_pybedtools
    jobid: 93
    wildcards: samples=POG966

Submitted job 93 with external jobid 'Submitted batch job 18402972'.

[Wed Oct 15 17:05:20 2025]
rule calc_cov:
    input: /projects/pangen/analysis/jtopham/samples/POG1725/frag/bams/POG1725-cfDNA.bam, /projects/pangen/analysis/hmac/applications/Griffin/snakemakes/griffin_GC_and_mappability_correction/results/GC_bias/POG1725.GC_bias.txt
    output: tmp/POG1725/tmp_bigWig/POG1725.uncorrected.bw, tmp/POG1725/tmp_bigWig/POG1725.GC_corrected.bw, tmp/POG1725/tmp_pybedtools
    jobid: 105
    wildcards: samples=POG1725

Submitted job 105 with external jobid 'Submitted batch job 18402973'.
Removing temporary output file tmp/POG1199/tmp_pybedtools.
[Wed Oct 15 19:41:44 2025]
Finished job 104.
1 of 152 steps (0.66%) done

[Wed Oct 15 19:41:44 2025]
rule merge_sites:
    input: tmp/POG1199/tmp_bigWig/POG1199.uncorrected.bw, tmp/POG1199/tmp_bigWig/POG1199.GC_corrected.bw
    output: /projects/pangen/analysis/hmac/applications/Griffin/snakemakes/griffin_nucleosome_profiling/results/POG1199/POG1199.uncorrected.coverage.tsv, /projects/pangen/analysis/hmac/applications/Griffin/snakemakes/griffin_nucleosome_profiling/results/POG1199/POG1199.GC_corrected.coverage.tsv, tmp/POG1199/tmp_pybedtools2
    jobid: 28
    wildcards: samples=POG1199

Removing temporary output file tmp/POG1093/tmp_pybedtools.
[Wed Oct 15 19:41:45 2025]
Finished job 92.
2 of 152 steps (1%) done
Submitted job 28 with external jobid 'Submitted batch job 18406236'.

[Wed Oct 15 19:41:45 2025]
rule merge_sites:
    input: tmp/POG1093/tmp_bigWig/POG1093.uncorrected.bw, tmp/POG1093/tmp_bigWig/POG1093.GC_corrected.bw
    output: /projects/pangen/analysis/hmac/applications/Griffin/snakemakes/griffin_nucleosome_profiling/results/POG1093/POG1093.uncorrected.coverage.tsv, /projects/pangen/analysis/hmac/applications/Griffin/snakemakes/griffin_nucleosome_profiling/results/POG1093/POG1093.GC_corrected.coverage.tsv, tmp/POG1093/tmp_pybedtools2
    jobid: 16
    wildcards: samples=POG1093

Submitted job 16 with external jobid 'Submitted batch job 18406237'.
Removing temporary output file tmp/POG1018/tmp_pybedtools.
[Wed Oct 15 19:47:07 2025]
Finished job 121.
3 of 152 steps (2%) done

[Wed Oct 15 19:47:07 2025]
rule merge_sites:
    input: tmp/POG1018/tmp_bigWig/POG1018.uncorrected.bw, tmp/POG1018/tmp_bigWig/POG1018.GC_corrected.bw
    output: /projects/pangen/analysis/hmac/applications/Griffin/snakemakes/griffin_nucleosome_profiling/results/POG1018/POG1018.uncorrected.coverage.tsv, /projects/pangen/analysis/hmac/applications/Griffin/snakemakes/griffin_nucleosome_profiling/results/POG1018/POG1018.GC_corrected.coverage.tsv, tmp/POG1018/tmp_pybedtools2
    jobid: 45
    wildcards: samples=POG1018

Removing temporary output file tmp/PAN115/tmp_pybedtools.
[Wed Oct 15 19:47:07 2025]
Finished job 134.
4 of 152 steps (3%) done
Submitted job 45 with external jobid 'Submitted batch job 18406264'.
Removing temporary output file tmp/PAN061/tmp_pybedtools.
[Wed Oct 15 19:47:07 2025]
Finished job 81.
5 of 152 steps (3%) done

[Wed Oct 15 19:47:07 2025]
rule merge_sites:
    input: tmp/PAN115/tmp_bigWig/PAN115.uncorrected.bw, tmp/PAN115/tmp_bigWig/PAN115.GC_corrected.bw
    output: /projects/pangen/analysis/hmac/applications/Griffin/snakemakes/griffin_nucleosome_profiling/results/PAN115/PAN115.uncorrected.coverage.tsv, /projects/pangen/analysis/hmac/applications/Griffin/snakemakes/griffin_nucleosome_profiling/results/PAN115/PAN115.GC_corrected.coverage.tsv, tmp/PAN115/tmp_pybedtools2
    jobid: 58
    wildcards: samples=PAN115

Submitted job 58 with external jobid 'Submitted batch job 18406265'.

[Wed Oct 15 19:47:07 2025]
rule merge_sites:
    input: tmp/PAN061/tmp_bigWig/PAN061.uncorrected.bw, tmp/PAN061/tmp_bigWig/PAN061.GC_corrected.bw
    output: /projects/pangen/analysis/hmac/applications/Griffin/snakemakes/griffin_nucleosome_profiling/results/PAN061/PAN061.uncorrected.coverage.tsv, /projects/pangen/analysis/hmac/applications/Griffin/snakemakes/griffin_nucleosome_profiling/results/PAN061/PAN061.GC_corrected.coverage.tsv, tmp/PAN061/tmp_pybedtools2
    jobid: 5
    wildcards: samples=PAN061

Submitted job 5 with external jobid 'Submitted batch job 18406266'.
Removing temporary output file tmp/POG1132/tmp_pybedtools.
[Wed Oct 15 19:51:19 2025]
Finished job 116.
6 of 152 steps (4%) done

[Wed Oct 15 19:51:19 2025]
rule merge_sites:
    input: tmp/POG1132/tmp_bigWig/POG1132.uncorrected.bw, tmp/POG1132/tmp_bigWig/POG1132.GC_corrected.bw
    output: /projects/pangen/analysis/hmac/applications/Griffin/snakemakes/griffin_nucleosome_profiling/results/POG1132/POG1132.uncorrected.coverage.tsv, /projects/pangen/analysis/hmac/applications/Griffin/snakemakes/griffin_nucleosome_profiling/results/POG1132/POG1132.GC_corrected.coverage.tsv, tmp/POG1132/tmp_pybedtools2
    jobid: 40
    wildcards: samples=POG1132

Submitted job 40 with external jobid 'Submitted batch job 18406275'.
Removing temporary output file tmp/POG998/tmp_pybedtools.
[Wed Oct 15 19:51:33 2025]
Finished job 145.
7 of 152 steps (5%) done

[Wed Oct 15 19:51:33 2025]
rule merge_sites:
    input: tmp/POG998/tmp_bigWig/POG998.uncorrected.bw, tmp/POG998/tmp_bigWig/POG998.GC_corrected.bw
    output: /projects/pangen/analysis/hmac/applications/Griffin/snakemakes/griffin_nucleosome_profiling/results/POG998/POG998.uncorrected.coverage.tsv, /projects/pangen/analysis/hmac/applications/Griffin/snakemakes/griffin_nucleosome_profiling/results/POG998/POG998.GC_corrected.coverage.tsv, tmp/POG998/tmp_pybedtools2
    jobid: 69
    wildcards: samples=POG998

Removing temporary output file tmp/POG1136/tmp_pybedtools.
[Wed Oct 15 19:51:33 2025]
Finished job 123.
8 of 152 steps (5%) done
Submitted job 69 with external jobid 'Submitted batch job 18406276'.

[Wed Oct 15 19:51:33 2025]
rule merge_sites:
    input: tmp/POG1136/tmp_bigWig/POG1136.uncorrected.bw, tmp/POG1136/tmp_bigWig/POG1136.GC_corrected.bw
    output: /projects/pangen/analysis/hmac/applications/Griffin/snakemakes/griffin_nucleosome_profiling/results/POG1136/POG1136.uncorrected.coverage.tsv, /projects/pangen/analysis/hmac/applications/Griffin/snakemakes/griffin_nucleosome_profiling/results/POG1136/POG1136.GC_corrected.coverage.tsv, tmp/POG1136/tmp_pybedtools2
    jobid: 47
    wildcards: samples=POG1136

Submitted job 47 with external jobid 'Submitted batch job 18406277'.
Removing temporary output file tmp/POG757/tmp_pybedtools.
[Wed Oct 15 20:22:37 2025]
Finished job 141.
9 of 152 steps (6%) done

[Wed Oct 15 20:22:37 2025]
rule merge_sites:
    input: tmp/POG757/tmp_bigWig/POG757.uncorrected.bw, tmp/POG757/tmp_bigWig/POG757.GC_corrected.bw
    output: /projects/pangen/analysis/hmac/applications/Griffin/snakemakes/griffin_nucleosome_profiling/results/POG757/POG757.uncorrected.coverage.tsv, /projects/pangen/analysis/hmac/applications/Griffin/snakemakes/griffin_nucleosome_profiling/results/POG757/POG757.GC_corrected.coverage.tsv, tmp/POG757/tmp_pybedtools2
    jobid: 65
    wildcards: samples=POG757

Removing temporary output file tmp/POG1071/tmp_pybedtools.
[Wed Oct 15 20:22:37 2025]
Finished job 144.
10 of 152 steps (7%) done
Submitted job 65 with external jobid 'Submitted batch job 18408993'.

[Wed Oct 15 20:22:37 2025]
rule merge_sites:
    input: tmp/POG1071/tmp_bigWig/POG1071.uncorrected.bw, tmp/POG1071/tmp_bigWig/POG1071.GC_corrected.bw
    output: /projects/pangen/analysis/hmac/applications/Griffin/snakemakes/griffin_nucleosome_profiling/results/POG1071/POG1071.uncorrected.coverage.tsv, /projects/pangen/analysis/hmac/applications/Griffin/snakemakes/griffin_nucleosome_profiling/results/POG1071/POG1071.GC_corrected.coverage.tsv, tmp/POG1071/tmp_pybedtools2
    jobid: 68
    wildcards: samples=POG1071

Submitted job 68 with external jobid 'Submitted batch job 18408994'.
Removing temporary output file tmp/PAN074/tmp_pybedtools.
[Wed Oct 15 20:28:01 2025]
Finished job 119.
11 of 152 steps (7%) done

[Wed Oct 15 20:28:01 2025]
rule merge_sites:
    input: tmp/PAN074/tmp_bigWig/PAN074.uncorrected.bw, tmp/PAN074/tmp_bigWig/PAN074.GC_corrected.bw
    output: /projects/pangen/analysis/hmac/applications/Griffin/snakemakes/griffin_nucleosome_profiling/results/PAN074/PAN074.uncorrected.coverage.tsv, /projects/pangen/analysis/hmac/applications/Griffin/snakemakes/griffin_nucleosome_profiling/results/PAN074/PAN074.GC_corrected.coverage.tsv, tmp/PAN074/tmp_pybedtools2
    jobid: 43
    wildcards: samples=PAN074

Removing temporary output file tmp/POG1757/tmp_pybedtools.
[Wed Oct 15 20:28:01 2025]
Finished job 101.
12 of 152 steps (8%) done
Submitted job 43 with external jobid 'Submitted batch job 18409023'.

[Wed Oct 15 20:28:01 2025]
rule merge_sites:
    input: tmp/POG1757/tmp_bigWig/POG1757.uncorrected.bw, tmp/POG1757/tmp_bigWig/POG1757.GC_corrected.bw
    output: /projects/pangen/analysis/hmac/applications/Griffin/snakemakes/griffin_nucleosome_profiling/results/POG1757/POG1757.uncorrected.coverage.tsv, /projects/pangen/analysis/hmac/applications/Griffin/snakemakes/griffin_nucleosome_profiling/results/POG1757/POG1757.GC_corrected.coverage.tsv, tmp/POG1757/tmp_pybedtools2
    jobid: 25
    wildcards: samples=POG1757

Submitted job 25 with external jobid 'Submitted batch job 18409024'.
Removing temporary output file tmp/POG1011/tmp_pybedtools.
[Wed Oct 15 20:33:23 2025]
Finished job 99.
13 of 152 steps (9%) done

[Wed Oct 15 20:33:23 2025]
rule merge_sites:
    input: tmp/POG1011/tmp_bigWig/POG1011.uncorrected.bw, tmp/POG1011/tmp_bigWig/POG1011.GC_corrected.bw
    output: /projects/pangen/analysis/hmac/applications/Griffin/snakemakes/griffin_nucleosome_profiling/results/POG1011/POG1011.uncorrected.coverage.tsv, /projects/pangen/analysis/hmac/applications/Griffin/snakemakes/griffin_nucleosome_profiling/results/POG1011/POG1011.GC_corrected.coverage.tsv, tmp/POG1011/tmp_pybedtools2
    jobid: 23
    wildcards: samples=POG1011

Removing temporary output file tmp/PAN106/tmp_pybedtools.
[Wed Oct 15 20:33:23 2025]
Finished job 110.
14 of 152 steps (9%) done
Submitted job 23 with external jobid 'Submitted batch job 18409095'.

[Wed Oct 15 20:33:23 2025]
rule merge_sites:
    input: tmp/PAN106/tmp_bigWig/PAN106.uncorrected.bw, tmp/PAN106/tmp_bigWig/PAN106.GC_corrected.bw
    output: /projects/pangen/analysis/hmac/applications/Griffin/snakemakes/griffin_nucleosome_profiling/results/PAN106/PAN106.uncorrected.coverage.tsv, /projects/pangen/analysis/hmac/applications/Griffin/snakemakes/griffin_nucleosome_profiling/results/PAN106/PAN106.GC_corrected.coverage.tsv, tmp/PAN106/tmp_pybedtools2
    jobid: 34
    wildcards: samples=PAN106

Submitted job 34 with external jobid 'Submitted batch job 18409096'.
Removing temporary output file tmp/POG1151/tmp_pybedtools.
[Wed Oct 15 20:43:26 2025]
Finished job 137.
15 of 152 steps (10%) done

[Wed Oct 15 20:43:26 2025]
rule merge_sites:
    input: tmp/POG1151/tmp_bigWig/POG1151.uncorrected.bw, tmp/POG1151/tmp_bigWig/POG1151.GC_corrected.bw
    output: /projects/pangen/analysis/hmac/applications/Griffin/snakemakes/griffin_nucleosome_profiling/results/POG1151/POG1151.uncorrected.coverage.tsv, /projects/pangen/analysis/hmac/applications/Griffin/snakemakes/griffin_nucleosome_profiling/results/POG1151/POG1151.GC_corrected.coverage.tsv, tmp/POG1151/tmp_pybedtools2
    jobid: 61
    wildcards: samples=POG1151

Submitted job 61 with external jobid 'Submitted batch job 18409181'.
Removing temporary output file tmp/POG1131/tmp_pybedtools.
[Wed Oct 15 20:48:48 2025]
Finished job 139.
16 of 152 steps (11%) done

[Wed Oct 15 20:48:48 2025]
rule merge_sites:
    input: tmp/POG1131/tmp_bigWig/POG1131.uncorrected.bw, tmp/POG1131/tmp_bigWig/POG1131.GC_corrected.bw
    output: /projects/pangen/analysis/hmac/applications/Griffin/snakemakes/griffin_nucleosome_profiling/results/POG1131/POG1131.uncorrected.coverage.tsv, /projects/pangen/analysis/hmac/applications/Griffin/snakemakes/griffin_nucleosome_profiling/results/POG1131/POG1131.GC_corrected.coverage.tsv, tmp/POG1131/tmp_pybedtools2
    jobid: 63
    wildcards: samples=POG1131

Submitted job 63 with external jobid 'Submitted batch job 18409190'.
Removing temporary output file tmp/PAN076/tmp_pybedtools.
[Wed Oct 15 20:54:11 2025]
Finished job 82.
17 of 152 steps (11%) done

[Wed Oct 15 20:54:11 2025]
rule merge_sites:
    input: tmp/PAN076/tmp_bigWig/PAN076.uncorrected.bw, tmp/PAN076/tmp_bigWig/PAN076.GC_corrected.bw
    output: /projects/pangen/analysis/hmac/applications/Griffin/snakemakes/griffin_nucleosome_profiling/results/PAN076/PAN076.uncorrected.coverage.tsv, /projects/pangen/analysis/hmac/applications/Griffin/snakemakes/griffin_nucleosome_profiling/results/PAN076/PAN076.GC_corrected.coverage.tsv, tmp/PAN076/tmp_pybedtools2
    jobid: 6
    wildcards: samples=PAN076

Removing temporary output file tmp/POG1006/tmp_pybedtools.
[Wed Oct 15 20:54:11 2025]
Finished job 103.
18 of 152 steps (12%) done
Submitted job 6 with external jobid 'Submitted batch job 18409208'.

[Wed Oct 15 20:54:11 2025]
rule merge_sites:
    input: tmp/POG1006/tmp_bigWig/POG1006.uncorrected.bw, tmp/POG1006/tmp_bigWig/POG1006.GC_corrected.bw
    output: /projects/pangen/analysis/hmac/applications/Griffin/snakemakes/griffin_nucleosome_profiling/results/POG1006/POG1006.uncorrected.coverage.tsv, /projects/pangen/analysis/hmac/applications/Griffin/snakemakes/griffin_nucleosome_profiling/results/POG1006/POG1006.GC_corrected.coverage.tsv, tmp/POG1006/tmp_pybedtools2
    jobid: 27
    wildcards: samples=POG1006

Submitted job 27 with external jobid 'Submitted batch job 18409209'.
Removing temporary output file tmp/POG1072/tmp_pybedtools.
[Wed Oct 15 20:58:23 2025]
Finished job 140.
19 of 152 steps (12%) done

[Wed Oct 15 20:58:23 2025]
rule merge_sites:
    input: tmp/POG1072/tmp_bigWig/POG1072.uncorrected.bw, tmp/POG1072/tmp_bigWig/POG1072.GC_corrected.bw
    output: /projects/pangen/analysis/hmac/applications/Griffin/snakemakes/griffin_nucleosome_profiling/results/POG1072/POG1072.uncorrected.coverage.tsv, /projects/pangen/analysis/hmac/applications/Griffin/snakemakes/griffin_nucleosome_profiling/results/POG1072/POG1072.GC_corrected.coverage.tsv, tmp/POG1072/tmp_pybedtools2
    jobid: 64
    wildcards: samples=POG1072

Removing temporary output file tmp/POG1126/tmp_pybedtools.
[Wed Oct 15 20:58:23 2025]
Finished job 90.
20 of 152 steps (13%) done
Submitted job 64 with external jobid 'Submitted batch job 18409217'.

[Wed Oct 15 20:58:23 2025]
rule merge_sites:
    input: tmp/POG1126/tmp_bigWig/POG1126.uncorrected.bw, tmp/POG1126/tmp_bigWig/POG1126.GC_corrected.bw
    output: /projects/pangen/analysis/hmac/applications/Griffin/snakemakes/griffin_nucleosome_profiling/results/POG1126/POG1126.uncorrected.coverage.tsv, /projects/pangen/analysis/hmac/applications/Griffin/snakemakes/griffin_nucleosome_profiling/results/POG1126/POG1126.GC_corrected.coverage.tsv, tmp/POG1126/tmp_pybedtools2
    jobid: 14
    wildcards: samples=POG1126

Submitted job 14 with external jobid 'Submitted batch job 18409218'.
Removing temporary output file tmp/POG969/tmp_pybedtools.
[Wed Oct 15 20:58:24 2025]
Finished job 117.
21 of 152 steps (14%) done

[Wed Oct 15 20:58:24 2025]
rule merge_sites:
    input: tmp/POG969/tmp_bigWig/POG969.uncorrected.bw, tmp/POG969/tmp_bigWig/POG969.GC_corrected.bw
    output: /projects/pangen/analysis/hmac/applications/Griffin/snakemakes/griffin_nucleosome_profiling/results/POG969/POG969.uncorrected.coverage.tsv, /projects/pangen/analysis/hmac/applications/Griffin/snakemakes/griffin_nucleosome_profiling/results/POG969/POG969.GC_corrected.coverage.tsv, tmp/POG969/tmp_pybedtools2
    jobid: 41
    wildcards: samples=POG969

Removing temporary output file tmp/POG1129/tmp_pybedtools.
[Wed Oct 15 20:58:24 2025]
Finished job 142.
22 of 152 steps (14%) done
Submitted job 41 with external jobid 'Submitted batch job 18409219'.

[Wed Oct 15 20:58:24 2025]
rule merge_sites:
    input: tmp/POG1129/tmp_bigWig/POG1129.uncorrected.bw, tmp/POG1129/tmp_bigWig/POG1129.GC_corrected.bw
    output: /projects/pangen/analysis/hmac/applications/Griffin/snakemakes/griffin_nucleosome_profiling/results/POG1129/POG1129.uncorrected.coverage.tsv, /projects/pangen/analysis/hmac/applications/Griffin/snakemakes/griffin_nucleosome_profiling/results/POG1129/POG1129.GC_corrected.coverage.tsv, tmp/POG1129/tmp_pybedtools2
    jobid: 66
    wildcards: samples=POG1129

Submitted job 66 with external jobid 'Submitted batch job 18409220'.
Removing temporary output file tmp/PAN103/tmp_pybedtools.
[Wed Oct 15 21:03:46 2025]
Finished job 79.
23 of 152 steps (15%) done

[Wed Oct 15 21:03:46 2025]
rule merge_sites:
    input: tmp/PAN103/tmp_bigWig/PAN103.uncorrected.bw, tmp/PAN103/tmp_bigWig/PAN103.GC_corrected.bw
    output: /projects/pangen/analysis/hmac/applications/Griffin/snakemakes/griffin_nucleosome_profiling/results/PAN103/PAN103.uncorrected.coverage.tsv, /projects/pangen/analysis/hmac/applications/Griffin/snakemakes/griffin_nucleosome_profiling/results/PAN103/PAN103.GC_corrected.coverage.tsv, tmp/PAN103/tmp_pybedtools2
    jobid: 3
    wildcards: samples=PAN103

Removing temporary output file tmp/PAN069/tmp_pybedtools.
[Wed Oct 15 21:03:46 2025]
Finished job 124.
24 of 152 steps (16%) done
Submitted job 3 with external jobid 'Submitted batch job 18409239'.
Removing temporary output file tmp/POG2015/tmp_pybedtools.
[Wed Oct 15 21:03:46 2025]
Finished job 130.
25 of 152 steps (16%) done

[Wed Oct 15 21:03:46 2025]
rule merge_sites:
    input: tmp/POG2015/tmp_bigWig/POG2015.uncorrected.bw, tmp/POG2015/tmp_bigWig/POG2015.GC_corrected.bw
    output: /projects/pangen/analysis/hmac/applications/Griffin/snakemakes/griffin_nucleosome_profiling/results/POG2015/POG2015.uncorrected.coverage.tsv, /projects/pangen/analysis/hmac/applications/Griffin/snakemakes/griffin_nucleosome_profiling/results/POG2015/POG2015.GC_corrected.coverage.tsv, tmp/POG2015/tmp_pybedtools2
    jobid: 54
    wildcards: samples=POG2015

Removing temporary output file tmp/PAN054/tmp_pybedtools.
[Wed Oct 15 21:03:46 2025]
Finished job 96.
26 of 152 steps (17%) done
Submitted job 54 with external jobid 'Submitted batch job 18409240'.

[Wed Oct 15 21:03:46 2025]
rule merge_sites:
    input: tmp/PAN069/tmp_bigWig/PAN069.uncorrected.bw, tmp/PAN069/tmp_bigWig/PAN069.GC_corrected.bw
    output: /projects/pangen/analysis/hmac/applications/Griffin/snakemakes/griffin_nucleosome_profiling/results/PAN069/PAN069.uncorrected.coverage.tsv, /projects/pangen/analysis/hmac/applications/Griffin/snakemakes/griffin_nucleosome_profiling/results/PAN069/PAN069.GC_corrected.coverage.tsv, tmp/PAN069/tmp_pybedtools2
    jobid: 48
    wildcards: samples=PAN069

Removing temporary output file tmp/POG2048/tmp_pybedtools.
[Wed Oct 15 21:03:46 2025]
Finished job 131.
27 of 152 steps (18%) done
Submitted job 48 with external jobid 'Submitted batch job 18409241'.
Removing temporary output file tmp/POG1083/tmp_pybedtools.
[Wed Oct 15 21:03:46 2025]
Finished job 115.
28 of 152 steps (18%) done

[Wed Oct 15 21:03:46 2025]
rule merge_sites:
    input: tmp/POG2048/tmp_bigWig/POG2048.uncorrected.bw, tmp/POG2048/tmp_bigWig/POG2048.GC_corrected.bw
    output: /projects/pangen/analysis/hmac/applications/Griffin/snakemakes/griffin_nucleosome_profiling/results/POG2048/POG2048.uncorrected.coverage.tsv, /projects/pangen/analysis/hmac/applications/Griffin/snakemakes/griffin_nucleosome_profiling/results/POG2048/POG2048.GC_corrected.coverage.tsv, tmp/POG2048/tmp_pybedtools2
    jobid: 55
    wildcards: samples=POG2048

Removing temporary output file tmp/POG2046/tmp_pybedtools.
[Wed Oct 15 21:03:46 2025]
Finished job 129.
29 of 152 steps (19%) done
Submitted job 55 with external jobid 'Submitted batch job 18409242'.

[Wed Oct 15 21:03:46 2025]
rule merge_sites:
    input: tmp/PAN054/tmp_bigWig/PAN054.uncorrected.bw, tmp/PAN054/tmp_bigWig/PAN054.GC_corrected.bw
    output: /projects/pangen/analysis/hmac/applications/Griffin/snakemakes/griffin_nucleosome_profiling/results/PAN054/PAN054.uncorrected.coverage.tsv, /projects/pangen/analysis/hmac/applications/Griffin/snakemakes/griffin_nucleosome_profiling/results/PAN054/PAN054.GC_corrected.coverage.tsv, tmp/PAN054/tmp_pybedtools2
    jobid: 20
    wildcards: samples=PAN054

Submitted job 20 with external jobid 'Submitted batch job 18409243'.

[Wed Oct 15 21:03:47 2025]
rule merge_sites:
    input: tmp/POG1083/tmp_bigWig/POG1083.uncorrected.bw, tmp/POG1083/tmp_bigWig/POG1083.GC_corrected.bw
    output: /projects/pangen/analysis/hmac/applications/Griffin/snakemakes/griffin_nucleosome_profiling/results/POG1083/POG1083.uncorrected.coverage.tsv, /projects/pangen/analysis/hmac/applications/Griffin/snakemakes/griffin_nucleosome_profiling/results/POG1083/POG1083.GC_corrected.coverage.tsv, tmp/POG1083/tmp_pybedtools2
    jobid: 39
    wildcards: samples=POG1083

Submitted job 39 with external jobid 'Submitted batch job 18409244'.

[Wed Oct 15 21:03:47 2025]
rule merge_sites:
    input: tmp/POG2046/tmp_bigWig/POG2046.uncorrected.bw, tmp/POG2046/tmp_bigWig/POG2046.GC_corrected.bw
    output: /projects/pangen/analysis/hmac/applications/Griffin/snakemakes/griffin_nucleosome_profiling/results/POG2046/POG2046.uncorrected.coverage.tsv, /projects/pangen/analysis/hmac/applications/Griffin/snakemakes/griffin_nucleosome_profiling/results/POG2046/POG2046.GC_corrected.coverage.tsv, tmp/POG2046/tmp_pybedtools2
    jobid: 53
    wildcards: samples=POG2046

Submitted job 53 with external jobid 'Submitted batch job 18409245'.
Removing temporary output file tmp/POG1008/tmp_pybedtools.
[Wed Oct 15 21:13:49 2025]
Finished job 114.
30 of 152 steps (20%) done

[Wed Oct 15 21:13:49 2025]
rule merge_sites:
    input: tmp/POG1008/tmp_bigWig/POG1008.uncorrected.bw, tmp/POG1008/tmp_bigWig/POG1008.GC_corrected.bw
    output: /projects/pangen/analysis/hmac/applications/Griffin/snakemakes/griffin_nucleosome_profiling/results/POG1008/POG1008.uncorrected.coverage.tsv, /projects/pangen/analysis/hmac/applications/Griffin/snakemakes/griffin_nucleosome_profiling/results/POG1008/POG1008.GC_corrected.coverage.tsv, tmp/POG1008/tmp_pybedtools2
    jobid: 38
    wildcards: samples=POG1008

Submitted job 38 with external jobid 'Submitted batch job 18409321'.
Removing temporary output file tmp/PAN097/tmp_pybedtools.
[Wed Oct 15 21:13:50 2025]
Finished job 146.
31 of 152 steps (20%) done

[Wed Oct 15 21:13:50 2025]
rule merge_sites:
    input: tmp/PAN097/tmp_bigWig/PAN097.uncorrected.bw, tmp/PAN097/tmp_bigWig/PAN097.GC_corrected.bw
    output: /projects/pangen/analysis/hmac/applications/Griffin/snakemakes/griffin_nucleosome_profiling/results/PAN097/PAN097.uncorrected.coverage.tsv, /projects/pangen/analysis/hmac/applications/Griffin/snakemakes/griffin_nucleosome_profiling/results/PAN097/PAN097.GC_corrected.coverage.tsv, tmp/PAN097/tmp_pybedtools2
    jobid: 70
    wildcards: samples=PAN097

Submitted job 70 with external jobid 'Submitted batch job 18409322'.
Removing temporary output file tmp/POG1291/tmp_pybedtools.
[Wed Oct 15 21:19:40 2025]
Finished job 149.
32 of 152 steps (21%) done

[Wed Oct 15 21:19:40 2025]
rule merge_sites:
    input: tmp/POG1291/tmp_bigWig/POG1291.uncorrected.bw, tmp/POG1291/tmp_bigWig/POG1291.GC_corrected.bw
    output: /projects/pangen/analysis/hmac/applications/Griffin/snakemakes/griffin_nucleosome_profiling/results/POG1291/POG1291.uncorrected.coverage.tsv, /projects/pangen/analysis/hmac/applications/Griffin/snakemakes/griffin_nucleosome_profiling/results/POG1291/POG1291.GC_corrected.coverage.tsv, tmp/POG1291/tmp_pybedtools2
    jobid: 73
    wildcards: samples=POG1291

Removing temporary output file tmp/POG1049/tmp_pybedtools.
[Wed Oct 15 21:19:40 2025]
Finished job 98.
33 of 152 steps (22%) done
Submitted job 73 with external jobid 'Submitted batch job 18409344'.
Removing temporary output file tmp/POG1651/tmp_pybedtools.
[Wed Oct 15 21:19:40 2025]
Finished job 86.
34 of 152 steps (22%) done

[Wed Oct 15 21:19:40 2025]
rule merge_sites:
    input: tmp/POG1049/tmp_bigWig/POG1049.uncorrected.bw, tmp/POG1049/tmp_bigWig/POG1049.GC_corrected.bw
    output: /projects/pangen/analysis/hmac/applications/Griffin/snakemakes/griffin_nucleosome_profiling/results/POG1049/POG1049.uncorrected.coverage.tsv, /projects/pangen/analysis/hmac/applications/Griffin/snakemakes/griffin_nucleosome_profiling/results/POG1049/POG1049.GC_corrected.coverage.tsv, tmp/POG1049/tmp_pybedtools2
    jobid: 22
    wildcards: samples=POG1049

Submitted job 22 with external jobid 'Submitted batch job 18409345'.

[Wed Oct 15 21:19:40 2025]
rule merge_sites:
    input: tmp/POG1651/tmp_bigWig/POG1651.uncorrected.bw, tmp/POG1651/tmp_bigWig/POG1651.GC_corrected.bw
    output: /projects/pangen/analysis/hmac/applications/Griffin/snakemakes/griffin_nucleosome_profiling/results/POG1651/POG1651.uncorrected.coverage.tsv, /projects/pangen/analysis/hmac/applications/Griffin/snakemakes/griffin_nucleosome_profiling/results/POG1651/POG1651.GC_corrected.coverage.tsv, tmp/POG1651/tmp_pybedtools2
    jobid: 10
    wildcards: samples=POG1651

Submitted job 10 with external jobid 'Submitted batch job 18409346'.
Removing temporary output file tmp/POG1272/tmp_pybedtools.
[Wed Oct 15 21:24:21 2025]
Finished job 120.
35 of 152 steps (23%) done

[Wed Oct 15 21:24:21 2025]
rule merge_sites:
    input: tmp/POG1272/tmp_bigWig/POG1272.uncorrected.bw, tmp/POG1272/tmp_bigWig/POG1272.GC_corrected.bw
    output: /projects/pangen/analysis/hmac/applications/Griffin/snakemakes/griffin_nucleosome_profiling/results/POG1272/POG1272.uncorrected.coverage.tsv, /projects/pangen/analysis/hmac/applications/Griffin/snakemakes/griffin_nucleosome_profiling/results/POG1272/POG1272.GC_corrected.coverage.tsv, tmp/POG1272/tmp_pybedtools2
    jobid: 44
    wildcards: samples=POG1272

Removing temporary output file tmp/POG1801/tmp_pybedtools.
[Wed Oct 15 21:24:21 2025]
Finished job 133.
36 of 152 steps (24%) done
Submitted job 44 with external jobid 'Submitted batch job 18409369'.
Removing temporary output file tmp/POG1145/tmp_pybedtools.
[Wed Oct 15 21:24:21 2025]
Finished job 77.
37 of 152 steps (24%) done

[Wed Oct 15 21:24:21 2025]
rule merge_sites:
    input: tmp/POG1801/tmp_bigWig/POG1801.uncorrected.bw, tmp/POG1801/tmp_bigWig/POG1801.GC_corrected.bw
    output: /projects/pangen/analysis/hmac/applications/Griffin/snakemakes/griffin_nucleosome_profiling/results/POG1801/POG1801.uncorrected.coverage.tsv, /projects/pangen/analysis/hmac/applications/Griffin/snakemakes/griffin_nucleosome_profiling/results/POG1801/POG1801.GC_corrected.coverage.tsv, tmp/POG1801/tmp_pybedtools2
    jobid: 57
    wildcards: samples=POG1801

Submitted job 57 with external jobid 'Submitted batch job 18409370'.

[Wed Oct 15 21:24:21 2025]
rule merge_sites:
    input: tmp/POG1145/tmp_bigWig/POG1145.uncorrected.bw, tmp/POG1145/tmp_bigWig/POG1145.GC_corrected.bw
    output: /projects/pangen/analysis/hmac/applications/Griffin/snakemakes/griffin_nucleosome_profiling/results/POG1145/POG1145.uncorrected.coverage.tsv, /projects/pangen/analysis/hmac/applications/Griffin/snakemakes/griffin_nucleosome_profiling/results/POG1145/POG1145.GC_corrected.coverage.tsv, tmp/POG1145/tmp_pybedtools2
    jobid: 1
    wildcards: samples=POG1145

Submitted job 1 with external jobid 'Submitted batch job 18409371'.
[Wed Oct 15 21:29:00 2025]
Error in rule merge_sites:
    jobid: 45
    output: /projects/pangen/analysis/hmac/applications/Griffin/snakemakes/griffin_nucleosome_profiling/results/POG1018/POG1018.uncorrected.coverage.tsv, /projects/pangen/analysis/hmac/applications/Griffin/snakemakes/griffin_nucleosome_profiling/results/POG1018/POG1018.GC_corrected.coverage.tsv, tmp/POG1018/tmp_pybedtools2
    shell:
        time /projects/pangen/analysis/hmac/applications/Griffin/scripts/griffin_merge_sites.py 		--sample_name POG1018 		--uncorrected_bw_path tmp/POG1018/tmp_bigWig/POG1018.uncorrected.bw 		--GC_corrected_bw_path tmp/POG1018/tmp_bigWig/POG1018.GC_corrected.bw 		--GC_map_corrected_bw_path none 		--mappability_correction False 		--tmp_dir tmp 		--results_dir /projects/pangen/analysis/hmac/applications/Griffin/snakemakes/griffin_nucleosome_profiling/results 		--mappability_bw /projects/pangen/analysis/hmac/applications/Griffin/Ref/k100.Umap.MultiTrackMappability.bw 		--chrom_sizes_path /projects/pangen/analysis/hmac/applications/Griffin/Ref/hg38.standard.chrom.sizes 		--sites_yaml /projects/pangen/analysis/hmac/applications/Griffin/snakemakes/griffin_nucleosome_profiling/config/sites.yaml 		--griffin_scripts /projects/pangen/analysis/hmac/applications/Griffin/scripts 		--chrom_column Chrom 		--position_column position 		--strand_column Strand 		--chroms chr1 chr2 chr3 chr4 chr5 chr6 chr7 chr8 chr9 chr10 chr11 chr12 chr13 chr14 chr15 chr16 chr17 chr18 chr19 chr20 chr21 chr22 		--norm_window -5000 5000 		--save_window -1000 1000 		--center_window -30 30 		--fft_window -960 960 		--fft_index 10 		--smoothing_length 165 		--exclude_paths /projects/pangen/analysis/hmac/applications/Griffin/Ref/encode_unified_GRCh38_exclusion_list.bed /projects/pangen/analysis/hmac/applications/Griffin/Ref/hg38_centromeres.bed /projects/pangen/analysis/hmac/applications/Griffin/Ref/hg38_gaps.bed /projects/pangen/analysis/hmac/applications/Griffin/Ref/hg38_fix_patches.bed /projects/pangen/analysis/hmac/applications/Griffin/Ref/hg38_alternative_haplotypes.bed 		--step 15 		--CNA_normalization False 		--individual False 		--smoothing True 		--exclude_outliers True 		--exclude_zero_mappability True 		--number_of_sites none 		--sort_by none 		--ascending none 		--CPU 16 
        (one of the commands exited with non-zero exit code; note that snakemake uses bash strict mode!)
    cluster_jobid: Submitted batch job 18406264

Error executing rule merge_sites on cluster (jobid: 45, external: Submitted batch job 18406264, jobscript: /projects/pangen/analysis/hmac/applications/Griffin/snakemakes/griffin_nucleosome_profiling/.snakemake/tmp.t_vdv6dl/snakejob.merge_sites.45.sh). For error details see the cluster log and the log files of the involved rule(s).
Job failed, going on with independent jobs.

[Wed Oct 15 21:29:00 2025]
rule calc_cov:
    input: /projects/pangen/analysis/jtopham/samples/POG1764/frag/bams/POG1764-cfDNA.bam, /projects/pangen/analysis/hmac/applications/Griffin/snakemakes/griffin_GC_and_mappability_correction/results/GC_bias/POG1764.GC_bias.txt
    output: tmp/POG1764/tmp_bigWig/POG1764.uncorrected.bw, tmp/POG1764/tmp_bigWig/POG1764.GC_corrected.bw, tmp/POG1764/tmp_pybedtools
    jobid: 87
    wildcards: samples=POG1764

[Wed Oct 15 21:29:00 2025]
Error in rule merge_sites:
    jobid: 58
    output: /projects/pangen/analysis/hmac/applications/Griffin/snakemakes/griffin_nucleosome_profiling/results/PAN115/PAN115.uncorrected.coverage.tsv, /projects/pangen/analysis/hmac/applications/Griffin/snakemakes/griffin_nucleosome_profiling/results/PAN115/PAN115.GC_corrected.coverage.tsv, tmp/PAN115/tmp_pybedtools2
    shell:
        time /projects/pangen/analysis/hmac/applications/Griffin/scripts/griffin_merge_sites.py 		--sample_name PAN115 		--uncorrected_bw_path tmp/PAN115/tmp_bigWig/PAN115.uncorrected.bw 		--GC_corrected_bw_path tmp/PAN115/tmp_bigWig/PAN115.GC_corrected.bw 		--GC_map_corrected_bw_path none 		--mappability_correction False 		--tmp_dir tmp 		--results_dir /projects/pangen/analysis/hmac/applications/Griffin/snakemakes/griffin_nucleosome_profiling/results 		--mappability_bw /projects/pangen/analysis/hmac/applications/Griffin/Ref/k100.Umap.MultiTrackMappability.bw 		--chrom_sizes_path /projects/pangen/analysis/hmac/applications/Griffin/Ref/hg38.standard.chrom.sizes 		--sites_yaml /projects/pangen/analysis/hmac/applications/Griffin/snakemakes/griffin_nucleosome_profiling/config/sites.yaml 		--griffin_scripts /projects/pangen/analysis/hmac/applications/Griffin/scripts 		--chrom_column Chrom 		--position_column position 		--strand_column Strand 		--chroms chr1 chr2 chr3 chr4 chr5 chr6 chr7 chr8 chr9 chr10 chr11 chr12 chr13 chr14 chr15 chr16 chr17 chr18 chr19 chr20 chr21 chr22 		--norm_window -5000 5000 		--save_window -1000 1000 		--center_window -30 30 		--fft_window -960 960 		--fft_index 10 		--smoothing_length 165 		--exclude_paths /projects/pangen/analysis/hmac/applications/Griffin/Ref/encode_unified_GRCh38_exclusion_list.bed /projects/pangen/analysis/hmac/applications/Griffin/Ref/hg38_centromeres.bed /projects/pangen/analysis/hmac/applications/Griffin/Ref/hg38_gaps.bed /projects/pangen/analysis/hmac/applications/Griffin/Ref/hg38_fix_patches.bed /projects/pangen/analysis/hmac/applications/Griffin/Ref/hg38_alternative_haplotypes.bed 		--step 15 		--CNA_normalization False 		--individual False 		--smoothing True 		--exclude_outliers True 		--exclude_zero_mappability True 		--number_of_sites none 		--sort_by none 		--ascending none 		--CPU 16 
        (one of the commands exited with non-zero exit code; note that snakemake uses bash strict mode!)
    cluster_jobid: Submitted batch job 18406265

Error executing rule merge_sites on cluster (jobid: 58, external: Submitted batch job 18406265, jobscript: /projects/pangen/analysis/hmac/applications/Griffin/snakemakes/griffin_nucleosome_profiling/.snakemake/tmp.t_vdv6dl/snakejob.merge_sites.58.sh). For error details see the cluster log and the log files of the involved rule(s).
Job failed, going on with independent jobs.
Submitted job 87 with external jobid 'Submitted batch job 18409380'.

[Wed Oct 15 21:29:00 2025]
rule calc_cov:
    input: /projects/pangen/analysis/jtopham/samples/POG1108/frag/bams/POG1108-cfDNA.bam, /projects/pangen/analysis/hmac/applications/Griffin/snakemakes/griffin_GC_and_mappability_correction/results/GC_bias/POG1108.GC_bias.txt
    output: tmp/POG1108/tmp_bigWig/POG1108.uncorrected.bw, tmp/POG1108/tmp_bigWig/POG1108.GC_corrected.bw, tmp/POG1108/tmp_pybedtools
    jobid: 132
    wildcards: samples=POG1108

Submitted job 132 with external jobid 'Submitted batch job 18409381'.
[Wed Oct 15 21:29:01 2025]
Error in rule merge_sites:
    jobid: 28
    output: /projects/pangen/analysis/hmac/applications/Griffin/snakemakes/griffin_nucleosome_profiling/results/POG1199/POG1199.uncorrected.coverage.tsv, /projects/pangen/analysis/hmac/applications/Griffin/snakemakes/griffin_nucleosome_profiling/results/POG1199/POG1199.GC_corrected.coverage.tsv, tmp/POG1199/tmp_pybedtools2
    shell:
        time /projects/pangen/analysis/hmac/applications/Griffin/scripts/griffin_merge_sites.py 		--sample_name POG1199 		--uncorrected_bw_path tmp/POG1199/tmp_bigWig/POG1199.uncorrected.bw 		--GC_corrected_bw_path tmp/POG1199/tmp_bigWig/POG1199.GC_corrected.bw 		--GC_map_corrected_bw_path none 		--mappability_correction False 		--tmp_dir tmp 		--results_dir /projects/pangen/analysis/hmac/applications/Griffin/snakemakes/griffin_nucleosome_profiling/results 		--mappability_bw /projects/pangen/analysis/hmac/applications/Griffin/Ref/k100.Umap.MultiTrackMappability.bw 		--chrom_sizes_path /projects/pangen/analysis/hmac/applications/Griffin/Ref/hg38.standard.chrom.sizes 		--sites_yaml /projects/pangen/analysis/hmac/applications/Griffin/snakemakes/griffin_nucleosome_profiling/config/sites.yaml 		--griffin_scripts /projects/pangen/analysis/hmac/applications/Griffin/scripts 		--chrom_column Chrom 		--position_column position 		--strand_column Strand 		--chroms chr1 chr2 chr3 chr4 chr5 chr6 chr7 chr8 chr9 chr10 chr11 chr12 chr13 chr14 chr15 chr16 chr17 chr18 chr19 chr20 chr21 chr22 		--norm_window -5000 5000 		--save_window -1000 1000 		--center_window -30 30 		--fft_window -960 960 		--fft_index 10 		--smoothing_length 165 		--exclude_paths /projects/pangen/analysis/hmac/applications/Griffin/Ref/encode_unified_GRCh38_exclusion_list.bed /projects/pangen/analysis/hmac/applications/Griffin/Ref/hg38_centromeres.bed /projects/pangen/analysis/hmac/applications/Griffin/Ref/hg38_gaps.bed /projects/pangen/analysis/hmac/applications/Griffin/Ref/hg38_fix_patches.bed /projects/pangen/analysis/hmac/applications/Griffin/Ref/hg38_alternative_haplotypes.bed 		--step 15 		--CNA_normalization False 		--individual False 		--smoothing True 		--exclude_outliers True 		--exclude_zero_mappability True 		--number_of_sites none 		--sort_by none 		--ascending none 		--CPU 16 
        (one of the commands exited with non-zero exit code; note that snakemake uses bash strict mode!)
    cluster_jobid: Submitted batch job 18406236

Error executing rule merge_sites on cluster (jobid: 28, external: Submitted batch job 18406236, jobscript: /projects/pangen/analysis/hmac/applications/Griffin/snakemakes/griffin_nucleosome_profiling/.snakemake/tmp.t_vdv6dl/snakejob.merge_sites.28.sh). For error details see the cluster log and the log files of the involved rule(s).
Job failed, going on with independent jobs.

[Wed Oct 15 21:29:01 2025]
rule calc_cov:
    input: /projects/pangen/analysis/jtopham/samples/PAN051/frag/bams/PAN051-cfDNA.bam, /projects/pangen/analysis/hmac/applications/Griffin/snakemakes/griffin_GC_and_mappability_correction/results/GC_bias/PAN051.GC_bias.txt
    output: tmp/PAN051/tmp_bigWig/PAN051.uncorrected.bw, tmp/PAN051/tmp_bigWig/PAN051.GC_corrected.bw, tmp/PAN051/tmp_pybedtools
    jobid: 138
    wildcards: samples=PAN051

[Wed Oct 15 21:29:01 2025]
Error in rule merge_sites:
    jobid: 16
    output: /projects/pangen/analysis/hmac/applications/Griffin/snakemakes/griffin_nucleosome_profiling/results/POG1093/POG1093.uncorrected.coverage.tsv, /projects/pangen/analysis/hmac/applications/Griffin/snakemakes/griffin_nucleosome_profiling/results/POG1093/POG1093.GC_corrected.coverage.tsv, tmp/POG1093/tmp_pybedtools2
    shell:
        time /projects/pangen/analysis/hmac/applications/Griffin/scripts/griffin_merge_sites.py 		--sample_name POG1093 		--uncorrected_bw_path tmp/POG1093/tmp_bigWig/POG1093.uncorrected.bw 		--GC_corrected_bw_path tmp/POG1093/tmp_bigWig/POG1093.GC_corrected.bw 		--GC_map_corrected_bw_path none 		--mappability_correction False 		--tmp_dir tmp 		--results_dir /projects/pangen/analysis/hmac/applications/Griffin/snakemakes/griffin_nucleosome_profiling/results 		--mappability_bw /projects/pangen/analysis/hmac/applications/Griffin/Ref/k100.Umap.MultiTrackMappability.bw 		--chrom_sizes_path /projects/pangen/analysis/hmac/applications/Griffin/Ref/hg38.standard.chrom.sizes 		--sites_yaml /projects/pangen/analysis/hmac/applications/Griffin/snakemakes/griffin_nucleosome_profiling/config/sites.yaml 		--griffin_scripts /projects/pangen/analysis/hmac/applications/Griffin/scripts 		--chrom_column Chrom 		--position_column position 		--strand_column Strand 		--chroms chr1 chr2 chr3 chr4 chr5 chr6 chr7 chr8 chr9 chr10 chr11 chr12 chr13 chr14 chr15 chr16 chr17 chr18 chr19 chr20 chr21 chr22 		--norm_window -5000 5000 		--save_window -1000 1000 		--center_window -30 30 		--fft_window -960 960 		--fft_index 10 		--smoothing_length 165 		--exclude_paths /projects/pangen/analysis/hmac/applications/Griffin/Ref/encode_unified_GRCh38_exclusion_list.bed /projects/pangen/analysis/hmac/applications/Griffin/Ref/hg38_centromeres.bed /projects/pangen/analysis/hmac/applications/Griffin/Ref/hg38_gaps.bed /projects/pangen/analysis/hmac/applications/Griffin/Ref/hg38_fix_patches.bed /projects/pangen/analysis/hmac/applications/Griffin/Ref/hg38_alternative_haplotypes.bed 		--step 15 		--CNA_normalization False 		--individual False 		--smoothing True 		--exclude_outliers True 		--exclude_zero_mappability True 		--number_of_sites none 		--sort_by none 		--ascending none 		--CPU 16 
        (one of the commands exited with non-zero exit code; note that snakemake uses bash strict mode!)
    cluster_jobid: Submitted batch job 18406237

Error executing rule merge_sites on cluster (jobid: 16, external: Submitted batch job 18406237, jobscript: /projects/pangen/analysis/hmac/applications/Griffin/snakemakes/griffin_nucleosome_profiling/.snakemake/tmp.t_vdv6dl/snakejob.merge_sites.16.sh). For error details see the cluster log and the log files of the involved rule(s).
Job failed, going on with independent jobs.
Submitted job 138 with external jobid 'Submitted batch job 18409382'.
Removing temporary output file tmp/PAN067/tmp_pybedtools.
[Wed Oct 15 21:29:01 2025]
Finished job 111.
38 of 152 steps (25%) done

[Wed Oct 15 21:29:01 2025]
rule calc_cov:
    input: /projects/pangen/analysis/jtopham/samples/PAN090/frag/bams/PAN090-cfDNA.bam, /projects/pangen/analysis/hmac/applications/Griffin/snakemakes/griffin_GC_and_mappability_correction/results/GC_bias/PAN090.GC_bias.txt
    output: tmp/PAN090/tmp_bigWig/PAN090.uncorrected.bw, tmp/PAN090/tmp_bigWig/PAN090.GC_corrected.bw, tmp/PAN090/tmp_pybedtools
    jobid: 89
    wildcards: samples=PAN090

Removing temporary output file tmp/POG966/tmp_pybedtools.
[Wed Oct 15 21:29:01 2025]
Finished job 93.
39 of 152 steps (26%) done
Submitted job 89 with external jobid 'Submitted batch job 18409383'.

[Wed Oct 15 21:29:01 2025]
rule merge_sites:
    input: tmp/PAN067/tmp_bigWig/PAN067.uncorrected.bw, tmp/PAN067/tmp_bigWig/PAN067.GC_corrected.bw
    output: /projects/pangen/analysis/hmac/applications/Griffin/snakemakes/griffin_nucleosome_profiling/results/PAN067/PAN067.uncorrected.coverage.tsv, /projects/pangen/analysis/hmac/applications/Griffin/snakemakes/griffin_nucleosome_profiling/results/PAN067/PAN067.GC_corrected.coverage.tsv, tmp/PAN067/tmp_pybedtools2
    jobid: 35
    wildcards: samples=PAN067

Removing temporary output file tmp/POG1725/tmp_pybedtools.
[Wed Oct 15 21:29:01 2025]
Finished job 105.
40 of 152 steps (26%) done
Submitted job 35 with external jobid 'Submitted batch job 18409384'.

[Wed Oct 15 21:29:01 2025]
rule merge_sites:
    input: tmp/POG966/tmp_bigWig/POG966.uncorrected.bw, tmp/POG966/tmp_bigWig/POG966.GC_corrected.bw
    output: /projects/pangen/analysis/hmac/applications/Griffin/snakemakes/griffin_nucleosome_profiling/results/POG966/POG966.uncorrected.coverage.tsv, /projects/pangen/analysis/hmac/applications/Griffin/snakemakes/griffin_nucleosome_profiling/results/POG966/POG966.GC_corrected.coverage.tsv, tmp/POG966/tmp_pybedtools2
    jobid: 17
    wildcards: samples=POG966

Submitted job 17 with external jobid 'Submitted batch job 18409385'.

[Wed Oct 15 21:29:01 2025]
rule merge_sites:
    input: tmp/POG1725/tmp_bigWig/POG1725.uncorrected.bw, tmp/POG1725/tmp_bigWig/POG1725.GC_corrected.bw
    output: /projects/pangen/analysis/hmac/applications/Griffin/snakemakes/griffin_nucleosome_profiling/results/POG1725/POG1725.uncorrected.coverage.tsv, /projects/pangen/analysis/hmac/applications/Griffin/snakemakes/griffin_nucleosome_profiling/results/POG1725/POG1725.GC_corrected.coverage.tsv, tmp/POG1725/tmp_pybedtools2
    jobid: 29
    wildcards: samples=POG1725

Submitted job 29 with external jobid 'Submitted batch job 18409386'.
[Wed Oct 15 21:35:05 2025]
Error in rule merge_sites:
    jobid: 40
    output: /projects/pangen/analysis/hmac/applications/Griffin/snakemakes/griffin_nucleosome_profiling/results/POG1132/POG1132.uncorrected.coverage.tsv, /projects/pangen/analysis/hmac/applications/Griffin/snakemakes/griffin_nucleosome_profiling/results/POG1132/POG1132.GC_corrected.coverage.tsv, tmp/POG1132/tmp_pybedtools2
    shell:
        time /projects/pangen/analysis/hmac/applications/Griffin/scripts/griffin_merge_sites.py 		--sample_name POG1132 		--uncorrected_bw_path tmp/POG1132/tmp_bigWig/POG1132.uncorrected.bw 		--GC_corrected_bw_path tmp/POG1132/tmp_bigWig/POG1132.GC_corrected.bw 		--GC_map_corrected_bw_path none 		--mappability_correction False 		--tmp_dir tmp 		--results_dir /projects/pangen/analysis/hmac/applications/Griffin/snakemakes/griffin_nucleosome_profiling/results 		--mappability_bw /projects/pangen/analysis/hmac/applications/Griffin/Ref/k100.Umap.MultiTrackMappability.bw 		--chrom_sizes_path /projects/pangen/analysis/hmac/applications/Griffin/Ref/hg38.standard.chrom.sizes 		--sites_yaml /projects/pangen/analysis/hmac/applications/Griffin/snakemakes/griffin_nucleosome_profiling/config/sites.yaml 		--griffin_scripts /projects/pangen/analysis/hmac/applications/Griffin/scripts 		--chrom_column Chrom 		--position_column position 		--strand_column Strand 		--chroms chr1 chr2 chr3 chr4 chr5 chr6 chr7 chr8 chr9 chr10 chr11 chr12 chr13 chr14 chr15 chr16 chr17 chr18 chr19 chr20 chr21 chr22 		--norm_window -5000 5000 		--save_window -1000 1000 		--center_window -30 30 		--fft_window -960 960 		--fft_index 10 		--smoothing_length 165 		--exclude_paths /projects/pangen/analysis/hmac/applications/Griffin/Ref/encode_unified_GRCh38_exclusion_list.bed /projects/pangen/analysis/hmac/applications/Griffin/Ref/hg38_centromeres.bed /projects/pangen/analysis/hmac/applications/Griffin/Ref/hg38_gaps.bed /projects/pangen/analysis/hmac/applications/Griffin/Ref/hg38_fix_patches.bed /projects/pangen/analysis/hmac/applications/Griffin/Ref/hg38_alternative_haplotypes.bed 		--step 15 		--CNA_normalization False 		--individual False 		--smoothing True 		--exclude_outliers True 		--exclude_zero_mappability True 		--number_of_sites none 		--sort_by none 		--ascending none 		--CPU 16 
        (one of the commands exited with non-zero exit code; note that snakemake uses bash strict mode!)
    cluster_jobid: Submitted batch job 18406275

Error executing rule merge_sites on cluster (jobid: 40, external: Submitted batch job 18406275, jobscript: /projects/pangen/analysis/hmac/applications/Griffin/snakemakes/griffin_nucleosome_profiling/.snakemake/tmp.t_vdv6dl/snakejob.merge_sites.40.sh). For error details see the cluster log and the log files of the involved rule(s).
Job failed, going on with independent jobs.

[Wed Oct 15 21:35:05 2025]
rule calc_cov:
    input: /projects/pangen/analysis/jtopham/samples/PAN042/frag/bams/PAN042-cfDNA.bam, /projects/pangen/analysis/hmac/applications/Griffin/snakemakes/griffin_GC_and_mappability_correction/results/GC_bias/PAN042.GC_bias.txt
    output: tmp/PAN042/tmp_bigWig/PAN042.uncorrected.bw, tmp/PAN042/tmp_bigWig/PAN042.GC_corrected.bw, tmp/PAN042/tmp_pybedtools
    jobid: 128
    wildcards: samples=PAN042

[Wed Oct 15 21:35:05 2025]
Error in rule merge_sites:
    jobid: 5
    output: /projects/pangen/analysis/hmac/applications/Griffin/snakemakes/griffin_nucleosome_profiling/results/PAN061/PAN061.uncorrected.coverage.tsv, /projects/pangen/analysis/hmac/applications/Griffin/snakemakes/griffin_nucleosome_profiling/results/PAN061/PAN061.GC_corrected.coverage.tsv, tmp/PAN061/tmp_pybedtools2
    shell:
        time /projects/pangen/analysis/hmac/applications/Griffin/scripts/griffin_merge_sites.py 		--sample_name PAN061 		--uncorrected_bw_path tmp/PAN061/tmp_bigWig/PAN061.uncorrected.bw 		--GC_corrected_bw_path tmp/PAN061/tmp_bigWig/PAN061.GC_corrected.bw 		--GC_map_corrected_bw_path none 		--mappability_correction False 		--tmp_dir tmp 		--results_dir /projects/pangen/analysis/hmac/applications/Griffin/snakemakes/griffin_nucleosome_profiling/results 		--mappability_bw /projects/pangen/analysis/hmac/applications/Griffin/Ref/k100.Umap.MultiTrackMappability.bw 		--chrom_sizes_path /projects/pangen/analysis/hmac/applications/Griffin/Ref/hg38.standard.chrom.sizes 		--sites_yaml /projects/pangen/analysis/hmac/applications/Griffin/snakemakes/griffin_nucleosome_profiling/config/sites.yaml 		--griffin_scripts /projects/pangen/analysis/hmac/applications/Griffin/scripts 		--chrom_column Chrom 		--position_column position 		--strand_column Strand 		--chroms chr1 chr2 chr3 chr4 chr5 chr6 chr7 chr8 chr9 chr10 chr11 chr12 chr13 chr14 chr15 chr16 chr17 chr18 chr19 chr20 chr21 chr22 		--norm_window -5000 5000 		--save_window -1000 1000 		--center_window -30 30 		--fft_window -960 960 		--fft_index 10 		--smoothing_length 165 		--exclude_paths /projects/pangen/analysis/hmac/applications/Griffin/Ref/encode_unified_GRCh38_exclusion_list.bed /projects/pangen/analysis/hmac/applications/Griffin/Ref/hg38_centromeres.bed /projects/pangen/analysis/hmac/applications/Griffin/Ref/hg38_gaps.bed /projects/pangen/analysis/hmac/applications/Griffin/Ref/hg38_fix_patches.bed /projects/pangen/analysis/hmac/applications/Griffin/Ref/hg38_alternative_haplotypes.bed 		--step 15 		--CNA_normalization False 		--individual False 		--smoothing True 		--exclude_outliers True 		--exclude_zero_mappability True 		--number_of_sites none 		--sort_by none 		--ascending none 		--CPU 16 
        (one of the commands exited with non-zero exit code; note that snakemake uses bash strict mode!)
    cluster_jobid: Submitted batch job 18406266

Error executing rule merge_sites on cluster (jobid: 5, external: Submitted batch job 18406266, jobscript: /projects/pangen/analysis/hmac/applications/Griffin/snakemakes/griffin_nucleosome_profiling/.snakemake/tmp.t_vdv6dl/snakejob.merge_sites.5.sh). For error details see the cluster log and the log files of the involved rule(s).
Job failed, going on with independent jobs.
Submitted job 128 with external jobid 'Submitted batch job 18409532'.

[Wed Oct 15 21:35:06 2025]
rule calc_cov:
    input: /projects/pangen/analysis/jtopham/samples/POG1096/frag/bams/POG1096-cfDNA.bam, /projects/pangen/analysis/hmac/applications/Griffin/snakemakes/griffin_GC_and_mappability_correction/results/GC_bias/POG1096.GC_bias.txt
    output: tmp/POG1096/tmp_bigWig/POG1096.uncorrected.bw, tmp/POG1096/tmp_bigWig/POG1096.GC_corrected.bw, tmp/POG1096/tmp_pybedtools
    jobid: 126
    wildcards: samples=POG1096

Submitted job 126 with external jobid 'Submitted batch job 18409533'.
[Wed Oct 15 21:39:45 2025]
Error in rule merge_sites:
    jobid: 69
    output: /projects/pangen/analysis/hmac/applications/Griffin/snakemakes/griffin_nucleosome_profiling/results/POG998/POG998.uncorrected.coverage.tsv, /projects/pangen/analysis/hmac/applications/Griffin/snakemakes/griffin_nucleosome_profiling/results/POG998/POG998.GC_corrected.coverage.tsv, tmp/POG998/tmp_pybedtools2
    shell:
        time /projects/pangen/analysis/hmac/applications/Griffin/scripts/griffin_merge_sites.py 		--sample_name POG998 		--uncorrected_bw_path tmp/POG998/tmp_bigWig/POG998.uncorrected.bw 		--GC_corrected_bw_path tmp/POG998/tmp_bigWig/POG998.GC_corrected.bw 		--GC_map_corrected_bw_path none 		--mappability_correction False 		--tmp_dir tmp 		--results_dir /projects/pangen/analysis/hmac/applications/Griffin/snakemakes/griffin_nucleosome_profiling/results 		--mappability_bw /projects/pangen/analysis/hmac/applications/Griffin/Ref/k100.Umap.MultiTrackMappability.bw 		--chrom_sizes_path /projects/pangen/analysis/hmac/applications/Griffin/Ref/hg38.standard.chrom.sizes 		--sites_yaml /projects/pangen/analysis/hmac/applications/Griffin/snakemakes/griffin_nucleosome_profiling/config/sites.yaml 		--griffin_scripts /projects/pangen/analysis/hmac/applications/Griffin/scripts 		--chrom_column Chrom 		--position_column position 		--strand_column Strand 		--chroms chr1 chr2 chr3 chr4 chr5 chr6 chr7 chr8 chr9 chr10 chr11 chr12 chr13 chr14 chr15 chr16 chr17 chr18 chr19 chr20 chr21 chr22 		--norm_window -5000 5000 		--save_window -1000 1000 		--center_window -30 30 		--fft_window -960 960 		--fft_index 10 		--smoothing_length 165 		--exclude_paths /projects/pangen/analysis/hmac/applications/Griffin/Ref/encode_unified_GRCh38_exclusion_list.bed /projects/pangen/analysis/hmac/applications/Griffin/Ref/hg38_centromeres.bed /projects/pangen/analysis/hmac/applications/Griffin/Ref/hg38_gaps.bed /projects/pangen/analysis/hmac/applications/Griffin/Ref/hg38_fix_patches.bed /projects/pangen/analysis/hmac/applications/Griffin/Ref/hg38_alternative_haplotypes.bed 		--step 15 		--CNA_normalization False 		--individual False 		--smoothing True 		--exclude_outliers True 		--exclude_zero_mappability True 		--number_of_sites none 		--sort_by none 		--ascending none 		--CPU 16 
        (one of the commands exited with non-zero exit code; note that snakemake uses bash strict mode!)
    cluster_jobid: Submitted batch job 18406276

Error executing rule merge_sites on cluster (jobid: 69, external: Submitted batch job 18406276, jobscript: /projects/pangen/analysis/hmac/applications/Griffin/snakemakes/griffin_nucleosome_profiling/.snakemake/tmp.t_vdv6dl/snakejob.merge_sites.69.sh). For error details see the cluster log and the log files of the involved rule(s).
Job failed, going on with independent jobs.

[Wed Oct 15 21:39:45 2025]
rule calc_cov:
    input: /projects/pangen/analysis/jtopham/samples/POG920/frag/bams/POG920-cfDNA.bam, /projects/pangen/analysis/hmac/applications/Griffin/snakemakes/griffin_GC_and_mappability_correction/results/GC_bias/POG920.GC_bias.txt
    output: tmp/POG920/tmp_bigWig/POG920.uncorrected.bw, tmp/POG920/tmp_bigWig/POG920.GC_corrected.bw, tmp/POG920/tmp_pybedtools
    jobid: 122
    wildcards: samples=POG920

Submitted job 122 with external jobid 'Submitted batch job 18409611'.
[Wed Oct 15 21:45:07 2025]
Error in rule merge_sites:
    jobid: 47
    output: /projects/pangen/analysis/hmac/applications/Griffin/snakemakes/griffin_nucleosome_profiling/results/POG1136/POG1136.uncorrected.coverage.tsv, /projects/pangen/analysis/hmac/applications/Griffin/snakemakes/griffin_nucleosome_profiling/results/POG1136/POG1136.GC_corrected.coverage.tsv, tmp/POG1136/tmp_pybedtools2
    shell:
        time /projects/pangen/analysis/hmac/applications/Griffin/scripts/griffin_merge_sites.py 		--sample_name POG1136 		--uncorrected_bw_path tmp/POG1136/tmp_bigWig/POG1136.uncorrected.bw 		--GC_corrected_bw_path tmp/POG1136/tmp_bigWig/POG1136.GC_corrected.bw 		--GC_map_corrected_bw_path none 		--mappability_correction False 		--tmp_dir tmp 		--results_dir /projects/pangen/analysis/hmac/applications/Griffin/snakemakes/griffin_nucleosome_profiling/results 		--mappability_bw /projects/pangen/analysis/hmac/applications/Griffin/Ref/k100.Umap.MultiTrackMappability.bw 		--chrom_sizes_path /projects/pangen/analysis/hmac/applications/Griffin/Ref/hg38.standard.chrom.sizes 		--sites_yaml /projects/pangen/analysis/hmac/applications/Griffin/snakemakes/griffin_nucleosome_profiling/config/sites.yaml 		--griffin_scripts /projects/pangen/analysis/hmac/applications/Griffin/scripts 		--chrom_column Chrom 		--position_column position 		--strand_column Strand 		--chroms chr1 chr2 chr3 chr4 chr5 chr6 chr7 chr8 chr9 chr10 chr11 chr12 chr13 chr14 chr15 chr16 chr17 chr18 chr19 chr20 chr21 chr22 		--norm_window -5000 5000 		--save_window -1000 1000 		--center_window -30 30 		--fft_window -960 960 		--fft_index 10 		--smoothing_length 165 		--exclude_paths /projects/pangen/analysis/hmac/applications/Griffin/Ref/encode_unified_GRCh38_exclusion_list.bed /projects/pangen/analysis/hmac/applications/Griffin/Ref/hg38_centromeres.bed /projects/pangen/analysis/hmac/applications/Griffin/Ref/hg38_gaps.bed /projects/pangen/analysis/hmac/applications/Griffin/Ref/hg38_fix_patches.bed /projects/pangen/analysis/hmac/applications/Griffin/Ref/hg38_alternative_haplotypes.bed 		--step 15 		--CNA_normalization False 		--individual False 		--smoothing True 		--exclude_outliers True 		--exclude_zero_mappability True 		--number_of_sites none 		--sort_by none 		--ascending none 		--CPU 16 
        (one of the commands exited with non-zero exit code; note that snakemake uses bash strict mode!)
    cluster_jobid: Submitted batch job 18406277

Error executing rule merge_sites on cluster (jobid: 47, external: Submitted batch job 18406277, jobscript: /projects/pangen/analysis/hmac/applications/Griffin/snakemakes/griffin_nucleosome_profiling/.snakemake/tmp.t_vdv6dl/snakejob.merge_sites.47.sh). For error details see the cluster log and the log files of the involved rule(s).
Job failed, going on with independent jobs.

[Wed Oct 15 21:45:07 2025]
rule calc_cov:
    input: /projects/pangen/analysis/jtopham/samples/POG1009/frag/bams/POG1009-cfDNA.bam, /projects/pangen/analysis/hmac/applications/Griffin/snakemakes/griffin_GC_and_mappability_correction/results/GC_bias/POG1009.GC_bias.txt
    output: tmp/POG1009/tmp_bigWig/POG1009.uncorrected.bw, tmp/POG1009/tmp_bigWig/POG1009.GC_corrected.bw, tmp/POG1009/tmp_pybedtools
    jobid: 80
    wildcards: samples=POG1009

Submitted job 80 with external jobid 'Submitted batch job 18409651'.
[Wed Oct 15 21:49:18 2025]
Error in rule merge_sites:
    jobid: 64
    output: /projects/pangen/analysis/hmac/applications/Griffin/snakemakes/griffin_nucleosome_profiling/results/POG1072/POG1072.uncorrected.coverage.tsv, /projects/pangen/analysis/hmac/applications/Griffin/snakemakes/griffin_nucleosome_profiling/results/POG1072/POG1072.GC_corrected.coverage.tsv, tmp/POG1072/tmp_pybedtools2
    shell:
        time /projects/pangen/analysis/hmac/applications/Griffin/scripts/griffin_merge_sites.py 		--sample_name POG1072 		--uncorrected_bw_path tmp/POG1072/tmp_bigWig/POG1072.uncorrected.bw 		--GC_corrected_bw_path tmp/POG1072/tmp_bigWig/POG1072.GC_corrected.bw 		--GC_map_corrected_bw_path none 		--mappability_correction False 		--tmp_dir tmp 		--results_dir /projects/pangen/analysis/hmac/applications/Griffin/snakemakes/griffin_nucleosome_profiling/results 		--mappability_bw /projects/pangen/analysis/hmac/applications/Griffin/Ref/k100.Umap.MultiTrackMappability.bw 		--chrom_sizes_path /projects/pangen/analysis/hmac/applications/Griffin/Ref/hg38.standard.chrom.sizes 		--sites_yaml /projects/pangen/analysis/hmac/applications/Griffin/snakemakes/griffin_nucleosome_profiling/config/sites.yaml 		--griffin_scripts /projects/pangen/analysis/hmac/applications/Griffin/scripts 		--chrom_column Chrom 		--position_column position 		--strand_column Strand 		--chroms chr1 chr2 chr3 chr4 chr5 chr6 chr7 chr8 chr9 chr10 chr11 chr12 chr13 chr14 chr15 chr16 chr17 chr18 chr19 chr20 chr21 chr22 		--norm_window -5000 5000 		--save_window -1000 1000 		--center_window -30 30 		--fft_window -960 960 		--fft_index 10 		--smoothing_length 165 		--exclude_paths /projects/pangen/analysis/hmac/applications/Griffin/Ref/encode_unified_GRCh38_exclusion_list.bed /projects/pangen/analysis/hmac/applications/Griffin/Ref/hg38_centromeres.bed /projects/pangen/analysis/hmac/applications/Griffin/Ref/hg38_gaps.bed /projects/pangen/analysis/hmac/applications/Griffin/Ref/hg38_fix_patches.bed /projects/pangen/analysis/hmac/applications/Griffin/Ref/hg38_alternative_haplotypes.bed 		--step 15 		--CNA_normalization False 		--individual False 		--smoothing True 		--exclude_outliers True 		--exclude_zero_mappability True 		--number_of_sites none 		--sort_by none 		--ascending none 		--CPU 16 
        (one of the commands exited with non-zero exit code; note that snakemake uses bash strict mode!)
    cluster_jobid: Submitted batch job 18409217

Error executing rule merge_sites on cluster (jobid: 64, external: Submitted batch job 18409217, jobscript: /projects/pangen/analysis/hmac/applications/Griffin/snakemakes/griffin_nucleosome_profiling/.snakemake/tmp.t_vdv6dl/snakejob.merge_sites.64.sh). For error details see the cluster log and the log files of the involved rule(s).
Job failed, going on with independent jobs.

[Wed Oct 15 21:49:18 2025]
rule calc_cov:
    input: /projects/pangen/analysis/jtopham/samples/POG1057/frag/bams/POG1057-cfDNA.bam, /projects/pangen/analysis/hmac/applications/Griffin/snakemakes/griffin_GC_and_mappability_correction/results/GC_bias/POG1057.GC_bias.txt
    output: tmp/POG1057/tmp_bigWig/POG1057.uncorrected.bw, tmp/POG1057/tmp_bigWig/POG1057.GC_corrected.bw, tmp/POG1057/tmp_pybedtools
    jobid: 83
    wildcards: samples=POG1057

Submitted job 83 with external jobid 'Submitted batch job 18409658'.
[Wed Oct 15 21:49:19 2025]
Error in rule merge_sites:
    jobid: 6
    output: /projects/pangen/analysis/hmac/applications/Griffin/snakemakes/griffin_nucleosome_profiling/results/PAN076/PAN076.uncorrected.coverage.tsv, /projects/pangen/analysis/hmac/applications/Griffin/snakemakes/griffin_nucleosome_profiling/results/PAN076/PAN076.GC_corrected.coverage.tsv, tmp/PAN076/tmp_pybedtools2
    shell:
        time /projects/pangen/analysis/hmac/applications/Griffin/scripts/griffin_merge_sites.py 		--sample_name PAN076 		--uncorrected_bw_path tmp/PAN076/tmp_bigWig/PAN076.uncorrected.bw 		--GC_corrected_bw_path tmp/PAN076/tmp_bigWig/PAN076.GC_corrected.bw 		--GC_map_corrected_bw_path none 		--mappability_correction False 		--tmp_dir tmp 		--results_dir /projects/pangen/analysis/hmac/applications/Griffin/snakemakes/griffin_nucleosome_profiling/results 		--mappability_bw /projects/pangen/analysis/hmac/applications/Griffin/Ref/k100.Umap.MultiTrackMappability.bw 		--chrom_sizes_path /projects/pangen/analysis/hmac/applications/Griffin/Ref/hg38.standard.chrom.sizes 		--sites_yaml /projects/pangen/analysis/hmac/applications/Griffin/snakemakes/griffin_nucleosome_profiling/config/sites.yaml 		--griffin_scripts /projects/pangen/analysis/hmac/applications/Griffin/scripts 		--chrom_column Chrom 		--position_column position 		--strand_column Strand 		--chroms chr1 chr2 chr3 chr4 chr5 chr6 chr7 chr8 chr9 chr10 chr11 chr12 chr13 chr14 chr15 chr16 chr17 chr18 chr19 chr20 chr21 chr22 		--norm_window -5000 5000 		--save_window -1000 1000 		--center_window -30 30 		--fft_window -960 960 		--fft_index 10 		--smoothing_length 165 		--exclude_paths /projects/pangen/analysis/hmac/applications/Griffin/Ref/encode_unified_GRCh38_exclusion_list.bed /projects/pangen/analysis/hmac/applications/Griffin/Ref/hg38_centromeres.bed /projects/pangen/analysis/hmac/applications/Griffin/Ref/hg38_gaps.bed /projects/pangen/analysis/hmac/applications/Griffin/Ref/hg38_fix_patches.bed /projects/pangen/analysis/hmac/applications/Griffin/Ref/hg38_alternative_haplotypes.bed 		--step 15 		--CNA_normalization False 		--individual False 		--smoothing True 		--exclude_outliers True 		--exclude_zero_mappability True 		--number_of_sites none 		--sort_by none 		--ascending none 		--CPU 16 
        (one of the commands exited with non-zero exit code; note that snakemake uses bash strict mode!)
    cluster_jobid: Submitted batch job 18409208

Error executing rule merge_sites on cluster (jobid: 6, external: Submitted batch job 18409208, jobscript: /projects/pangen/analysis/hmac/applications/Griffin/snakemakes/griffin_nucleosome_profiling/.snakemake/tmp.t_vdv6dl/snakejob.merge_sites.6.sh). For error details see the cluster log and the log files of the involved rule(s).
Job failed, going on with independent jobs.

[Wed Oct 15 21:49:19 2025]
rule calc_cov:
    input: /projects/pangen/analysis/jtopham/samples/POG949/frag/bams/POG949-cfDNA.bam, /projects/pangen/analysis/hmac/applications/Griffin/snakemakes/griffin_GC_and_mappability_correction/results/GC_bias/POG949.GC_bias.txt
    output: tmp/POG949/tmp_bigWig/POG949.uncorrected.bw, tmp/POG949/tmp_bigWig/POG949.GC_corrected.bw, tmp/POG949/tmp_pybedtools
    jobid: 97
    wildcards: samples=POG949

[Wed Oct 15 21:49:19 2025]
Error in rule merge_sites:
    jobid: 27
    output: /projects/pangen/analysis/hmac/applications/Griffin/snakemakes/griffin_nucleosome_profiling/results/POG1006/POG1006.uncorrected.coverage.tsv, /projects/pangen/analysis/hmac/applications/Griffin/snakemakes/griffin_nucleosome_profiling/results/POG1006/POG1006.GC_corrected.coverage.tsv, tmp/POG1006/tmp_pybedtools2
    shell:
        time /projects/pangen/analysis/hmac/applications/Griffin/scripts/griffin_merge_sites.py 		--sample_name POG1006 		--uncorrected_bw_path tmp/POG1006/tmp_bigWig/POG1006.uncorrected.bw 		--GC_corrected_bw_path tmp/POG1006/tmp_bigWig/POG1006.GC_corrected.bw 		--GC_map_corrected_bw_path none 		--mappability_correction False 		--tmp_dir tmp 		--results_dir /projects/pangen/analysis/hmac/applications/Griffin/snakemakes/griffin_nucleosome_profiling/results 		--mappability_bw /projects/pangen/analysis/hmac/applications/Griffin/Ref/k100.Umap.MultiTrackMappability.bw 		--chrom_sizes_path /projects/pangen/analysis/hmac/applications/Griffin/Ref/hg38.standard.chrom.sizes 		--sites_yaml /projects/pangen/analysis/hmac/applications/Griffin/snakemakes/griffin_nucleosome_profiling/config/sites.yaml 		--griffin_scripts /projects/pangen/analysis/hmac/applications/Griffin/scripts 		--chrom_column Chrom 		--position_column position 		--strand_column Strand 		--chroms chr1 chr2 chr3 chr4 chr5 chr6 chr7 chr8 chr9 chr10 chr11 chr12 chr13 chr14 chr15 chr16 chr17 chr18 chr19 chr20 chr21 chr22 		--norm_window -5000 5000 		--save_window -1000 1000 		--center_window -30 30 		--fft_window -960 960 		--fft_index 10 		--smoothing_length 165 		--exclude_paths /projects/pangen/analysis/hmac/applications/Griffin/Ref/encode_unified_GRCh38_exclusion_list.bed /projects/pangen/analysis/hmac/applications/Griffin/Ref/hg38_centromeres.bed /projects/pangen/analysis/hmac/applications/Griffin/Ref/hg38_gaps.bed /projects/pangen/analysis/hmac/applications/Griffin/Ref/hg38_fix_patches.bed /projects/pangen/analysis/hmac/applications/Griffin/Ref/hg38_alternative_haplotypes.bed 		--step 15 		--CNA_normalization False 		--individual False 		--smoothing True 		--exclude_outliers True 		--exclude_zero_mappability True 		--number_of_sites none 		--sort_by none 		--ascending none 		--CPU 16 
        (one of the commands exited with non-zero exit code; note that snakemake uses bash strict mode!)
    cluster_jobid: Submitted batch job 18409209

Error executing rule merge_sites on cluster (jobid: 27, external: Submitted batch job 18409209, jobscript: /projects/pangen/analysis/hmac/applications/Griffin/snakemakes/griffin_nucleosome_profiling/.snakemake/tmp.t_vdv6dl/snakejob.merge_sites.27.sh). For error details see the cluster log and the log files of the involved rule(s).
Job failed, going on with independent jobs.
[Wed Oct 15 21:49:19 2025]
Error in rule merge_sites:
    jobid: 63
    output: /projects/pangen/analysis/hmac/applications/Griffin/snakemakes/griffin_nucleosome_profiling/results/POG1131/POG1131.uncorrected.coverage.tsv, /projects/pangen/analysis/hmac/applications/Griffin/snakemakes/griffin_nucleosome_profiling/results/POG1131/POG1131.GC_corrected.coverage.tsv, tmp/POG1131/tmp_pybedtools2
    shell:
        time /projects/pangen/analysis/hmac/applications/Griffin/scripts/griffin_merge_sites.py 		--sample_name POG1131 		--uncorrected_bw_path tmp/POG1131/tmp_bigWig/POG1131.uncorrected.bw 		--GC_corrected_bw_path tmp/POG1131/tmp_bigWig/POG1131.GC_corrected.bw 		--GC_map_corrected_bw_path none 		--mappability_correction False 		--tmp_dir tmp 		--results_dir /projects/pangen/analysis/hmac/applications/Griffin/snakemakes/griffin_nucleosome_profiling/results 		--mappability_bw /projects/pangen/analysis/hmac/applications/Griffin/Ref/k100.Umap.MultiTrackMappability.bw 		--chrom_sizes_path /projects/pangen/analysis/hmac/applications/Griffin/Ref/hg38.standard.chrom.sizes 		--sites_yaml /projects/pangen/analysis/hmac/applications/Griffin/snakemakes/griffin_nucleosome_profiling/config/sites.yaml 		--griffin_scripts /projects/pangen/analysis/hmac/applications/Griffin/scripts 		--chrom_column Chrom 		--position_column position 		--strand_column Strand 		--chroms chr1 chr2 chr3 chr4 chr5 chr6 chr7 chr8 chr9 chr10 chr11 chr12 chr13 chr14 chr15 chr16 chr17 chr18 chr19 chr20 chr21 chr22 		--norm_window -5000 5000 		--save_window -1000 1000 		--center_window -30 30 		--fft_window -960 960 		--fft_index 10 		--smoothing_length 165 		--exclude_paths /projects/pangen/analysis/hmac/applications/Griffin/Ref/encode_unified_GRCh38_exclusion_list.bed /projects/pangen/analysis/hmac/applications/Griffin/Ref/hg38_centromeres.bed /projects/pangen/analysis/hmac/applications/Griffin/Ref/hg38_gaps.bed /projects/pangen/analysis/hmac/applications/Griffin/Ref/hg38_fix_patches.bed /projects/pangen/analysis/hmac/applications/Griffin/Ref/hg38_alternative_haplotypes.bed 		--step 15 		--CNA_normalization False 		--individual False 		--smoothing True 		--exclude_outliers True 		--exclude_zero_mappability True 		--number_of_sites none 		--sort_by none 		--ascending none 		--CPU 16 
        (one of the commands exited with non-zero exit code; note that snakemake uses bash strict mode!)
    cluster_jobid: Submitted batch job 18409190

Error executing rule merge_sites on cluster (jobid: 63, external: Submitted batch job 18409190, jobscript: /projects/pangen/analysis/hmac/applications/Griffin/snakemakes/griffin_nucleosome_profiling/.snakemake/tmp.t_vdv6dl/snakejob.merge_sites.63.sh). For error details see the cluster log and the log files of the involved rule(s).
Job failed, going on with independent jobs.
[Wed Oct 15 21:49:19 2025]
Error in rule merge_sites:
    jobid: 61
    output: /projects/pangen/analysis/hmac/applications/Griffin/snakemakes/griffin_nucleosome_profiling/results/POG1151/POG1151.uncorrected.coverage.tsv, /projects/pangen/analysis/hmac/applications/Griffin/snakemakes/griffin_nucleosome_profiling/results/POG1151/POG1151.GC_corrected.coverage.tsv, tmp/POG1151/tmp_pybedtools2
    shell:
        time /projects/pangen/analysis/hmac/applications/Griffin/scripts/griffin_merge_sites.py 		--sample_name POG1151 		--uncorrected_bw_path tmp/POG1151/tmp_bigWig/POG1151.uncorrected.bw 		--GC_corrected_bw_path tmp/POG1151/tmp_bigWig/POG1151.GC_corrected.bw 		--GC_map_corrected_bw_path none 		--mappability_correction False 		--tmp_dir tmp 		--results_dir /projects/pangen/analysis/hmac/applications/Griffin/snakemakes/griffin_nucleosome_profiling/results 		--mappability_bw /projects/pangen/analysis/hmac/applications/Griffin/Ref/k100.Umap.MultiTrackMappability.bw 		--chrom_sizes_path /projects/pangen/analysis/hmac/applications/Griffin/Ref/hg38.standard.chrom.sizes 		--sites_yaml /projects/pangen/analysis/hmac/applications/Griffin/snakemakes/griffin_nucleosome_profiling/config/sites.yaml 		--griffin_scripts /projects/pangen/analysis/hmac/applications/Griffin/scripts 		--chrom_column Chrom 		--position_column position 		--strand_column Strand 		--chroms chr1 chr2 chr3 chr4 chr5 chr6 chr7 chr8 chr9 chr10 chr11 chr12 chr13 chr14 chr15 chr16 chr17 chr18 chr19 chr20 chr21 chr22 		--norm_window -5000 5000 		--save_window -1000 1000 		--center_window -30 30 		--fft_window -960 960 		--fft_index 10 		--smoothing_length 165 		--exclude_paths /projects/pangen/analysis/hmac/applications/Griffin/Ref/encode_unified_GRCh38_exclusion_list.bed /projects/pangen/analysis/hmac/applications/Griffin/Ref/hg38_centromeres.bed /projects/pangen/analysis/hmac/applications/Griffin/Ref/hg38_gaps.bed /projects/pangen/analysis/hmac/applications/Griffin/Ref/hg38_fix_patches.bed /projects/pangen/analysis/hmac/applications/Griffin/Ref/hg38_alternative_haplotypes.bed 		--step 15 		--CNA_normalization False 		--individual False 		--smoothing True 		--exclude_outliers True 		--exclude_zero_mappability True 		--number_of_sites none 		--sort_by none 		--ascending none 		--CPU 16 
        (one of the commands exited with non-zero exit code; note that snakemake uses bash strict mode!)
    cluster_jobid: Submitted batch job 18409181

Error executing rule merge_sites on cluster (jobid: 61, external: Submitted batch job 18409181, jobscript: /projects/pangen/analysis/hmac/applications/Griffin/snakemakes/griffin_nucleosome_profiling/.snakemake/tmp.t_vdv6dl/snakejob.merge_sites.61.sh). For error details see the cluster log and the log files of the involved rule(s).
Job failed, going on with independent jobs.
Submitted job 97 with external jobid 'Submitted batch job 18409659'.
[Wed Oct 15 21:49:19 2025]
Error in rule merge_sites:
    jobid: 23
    output: /projects/pangen/analysis/hmac/applications/Griffin/snakemakes/griffin_nucleosome_profiling/results/POG1011/POG1011.uncorrected.coverage.tsv, /projects/pangen/analysis/hmac/applications/Griffin/snakemakes/griffin_nucleosome_profiling/results/POG1011/POG1011.GC_corrected.coverage.tsv, tmp/POG1011/tmp_pybedtools2
    shell:
        time /projects/pangen/analysis/hmac/applications/Griffin/scripts/griffin_merge_sites.py 		--sample_name POG1011 		--uncorrected_bw_path tmp/POG1011/tmp_bigWig/POG1011.uncorrected.bw 		--GC_corrected_bw_path tmp/POG1011/tmp_bigWig/POG1011.GC_corrected.bw 		--GC_map_corrected_bw_path none 		--mappability_correction False 		--tmp_dir tmp 		--results_dir /projects/pangen/analysis/hmac/applications/Griffin/snakemakes/griffin_nucleosome_profiling/results 		--mappability_bw /projects/pangen/analysis/hmac/applications/Griffin/Ref/k100.Umap.MultiTrackMappability.bw 		--chrom_sizes_path /projects/pangen/analysis/hmac/applications/Griffin/Ref/hg38.standard.chrom.sizes 		--sites_yaml /projects/pangen/analysis/hmac/applications/Griffin/snakemakes/griffin_nucleosome_profiling/config/sites.yaml 		--griffin_scripts /projects/pangen/analysis/hmac/applications/Griffin/scripts 		--chrom_column Chrom 		--position_column position 		--strand_column Strand 		--chroms chr1 chr2 chr3 chr4 chr5 chr6 chr7 chr8 chr9 chr10 chr11 chr12 chr13 chr14 chr15 chr16 chr17 chr18 chr19 chr20 chr21 chr22 		--norm_window -5000 5000 		--save_window -1000 1000 		--center_window -30 30 		--fft_window -960 960 		--fft_index 10 		--smoothing_length 165 		--exclude_paths /projects/pangen/analysis/hmac/applications/Griffin/Ref/encode_unified_GRCh38_exclusion_list.bed /projects/pangen/analysis/hmac/applications/Griffin/Ref/hg38_centromeres.bed /projects/pangen/analysis/hmac/applications/Griffin/Ref/hg38_gaps.bed /projects/pangen/analysis/hmac/applications/Griffin/Ref/hg38_fix_patches.bed /projects/pangen/analysis/hmac/applications/Griffin/Ref/hg38_alternative_haplotypes.bed 		--step 15 		--CNA_normalization False 		--individual False 		--smoothing True 		--exclude_outliers True 		--exclude_zero_mappability True 		--number_of_sites none 		--sort_by none 		--ascending none 		--CPU 16 
        (one of the commands exited with non-zero exit code; note that snakemake uses bash strict mode!)
    cluster_jobid: Submitted batch job 18409095

Error executing rule merge_sites on cluster (jobid: 23, external: Submitted batch job 18409095, jobscript: /projects/pangen/analysis/hmac/applications/Griffin/snakemakes/griffin_nucleosome_profiling/.snakemake/tmp.t_vdv6dl/snakejob.merge_sites.23.sh). For error details see the cluster log and the log files of the involved rule(s).
Job failed, going on with independent jobs.
[Wed Oct 15 21:49:19 2025]
Error in rule merge_sites:
    jobid: 34
    output: /projects/pangen/analysis/hmac/applications/Griffin/snakemakes/griffin_nucleosome_profiling/results/PAN106/PAN106.uncorrected.coverage.tsv, /projects/pangen/analysis/hmac/applications/Griffin/snakemakes/griffin_nucleosome_profiling/results/PAN106/PAN106.GC_corrected.coverage.tsv, tmp/PAN106/tmp_pybedtools2
    shell:
        time /projects/pangen/analysis/hmac/applications/Griffin/scripts/griffin_merge_sites.py 		--sample_name PAN106 		--uncorrected_bw_path tmp/PAN106/tmp_bigWig/PAN106.uncorrected.bw 		--GC_corrected_bw_path tmp/PAN106/tmp_bigWig/PAN106.GC_corrected.bw 		--GC_map_corrected_bw_path none 		--mappability_correction False 		--tmp_dir tmp 		--results_dir /projects/pangen/analysis/hmac/applications/Griffin/snakemakes/griffin_nucleosome_profiling/results 		--mappability_bw /projects/pangen/analysis/hmac/applications/Griffin/Ref/k100.Umap.MultiTrackMappability.bw 		--chrom_sizes_path /projects/pangen/analysis/hmac/applications/Griffin/Ref/hg38.standard.chrom.sizes 		--sites_yaml /projects/pangen/analysis/hmac/applications/Griffin/snakemakes/griffin_nucleosome_profiling/config/sites.yaml 		--griffin_scripts /projects/pangen/analysis/hmac/applications/Griffin/scripts 		--chrom_column Chrom 		--position_column position 		--strand_column Strand 		--chroms chr1 chr2 chr3 chr4 chr5 chr6 chr7 chr8 chr9 chr10 chr11 chr12 chr13 chr14 chr15 chr16 chr17 chr18 chr19 chr20 chr21 chr22 		--norm_window -5000 5000 		--save_window -1000 1000 		--center_window -30 30 		--fft_window -960 960 		--fft_index 10 		--smoothing_length 165 		--exclude_paths /projects/pangen/analysis/hmac/applications/Griffin/Ref/encode_unified_GRCh38_exclusion_list.bed /projects/pangen/analysis/hmac/applications/Griffin/Ref/hg38_centromeres.bed /projects/pangen/analysis/hmac/applications/Griffin/Ref/hg38_gaps.bed /projects/pangen/analysis/hmac/applications/Griffin/Ref/hg38_fix_patches.bed /projects/pangen/analysis/hmac/applications/Griffin/Ref/hg38_alternative_haplotypes.bed 		--step 15 		--CNA_normalization False 		--individual False 		--smoothing True 		--exclude_outliers True 		--exclude_zero_mappability True 		--number_of_sites none 		--sort_by none 		--ascending none 		--CPU 16 
        (one of the commands exited with non-zero exit code; note that snakemake uses bash strict mode!)

    cluster_jobid: Submitted batch job 18409096
[Wed Oct 15 21:49:20 2025]

rule calc_cov:
    input: /projects/pangen/analysis/jtopham/samples/POG710/frag/bams/POG710-cfDNA.bam, /projects/pangen/analysis/hmac/applications/Griffin/snakemakes/griffin_GC_and_mappability_correction/results/GC_bias/POG710.GC_bias.txt
    output: tmp/POG710/tmp_bigWig/POG710.uncorrected.bw, tmp/POG710/tmp_bigWig/POG710.GC_corrected.bw, tmp/POG710/tmp_pybedtools
    jobid: 118
    wildcards: samples=POG710
Error executing rule merge_sites on cluster (jobid: 34, external: Submitted batch job 18409096, jobscript: /projects/pangen/analysis/hmac/applications/Griffin/snakemakes/griffin_nucleosome_profiling/.snakemake/tmp.t_vdv6dl/snakejob.merge_sites.34.sh). For error details see the cluster log and the log files of the involved rule(s).

Job failed, going on with independent jobs.
[Wed Oct 15 21:49:20 2025]
Error in rule merge_sites:
    jobid: 43
    output: /projects/pangen/analysis/hmac/applications/Griffin/snakemakes/griffin_nucleosome_profiling/results/PAN074/PAN074.uncorrected.coverage.tsv, /projects/pangen/analysis/hmac/applications/Griffin/snakemakes/griffin_nucleosome_profiling/results/PAN074/PAN074.GC_corrected.coverage.tsv, tmp/PAN074/tmp_pybedtools2
    shell:
        time /projects/pangen/analysis/hmac/applications/Griffin/scripts/griffin_merge_sites.py 		--sample_name PAN074 		--uncorrected_bw_path tmp/PAN074/tmp_bigWig/PAN074.uncorrected.bw 		--GC_corrected_bw_path tmp/PAN074/tmp_bigWig/PAN074.GC_corrected.bw 		--GC_map_corrected_bw_path none 		--mappability_correction False 		--tmp_dir tmp 		--results_dir /projects/pangen/analysis/hmac/applications/Griffin/snakemakes/griffin_nucleosome_profiling/results 		--mappability_bw /projects/pangen/analysis/hmac/applications/Griffin/Ref/k100.Umap.MultiTrackMappability.bw 		--chrom_sizes_path /projects/pangen/analysis/hmac/applications/Griffin/Ref/hg38.standard.chrom.sizes 		--sites_yaml /projects/pangen/analysis/hmac/applications/Griffin/snakemakes/griffin_nucleosome_profiling/config/sites.yaml 		--griffin_scripts /projects/pangen/analysis/hmac/applications/Griffin/scripts 		--chrom_column Chrom 		--position_column position 		--strand_column Strand 		--chroms chr1 chr2 chr3 chr4 chr5 chr6 chr7 chr8 chr9 chr10 chr11 chr12 chr13 chr14 chr15 chr16 chr17 chr18 chr19 chr20 chr21 chr22 		--norm_window -5000 5000 		--save_window -1000 1000 		--center_window -30 30 		--fft_window -960 960 		--fft_index 10 		--smoothing_length 165 		--exclude_paths /projects/pangen/analysis/hmac/applications/Griffin/Ref/encode_unified_GRCh38_exclusion_list.bed /projects/pangen/analysis/hmac/applications/Griffin/Ref/hg38_centromeres.bed /projects/pangen/analysis/hmac/applications/Griffin/Ref/hg38_gaps.bed /projects/pangen/analysis/hmac/applications/Griffin/Ref/hg38_fix_patches.bed /projects/pangen/analysis/hmac/applications/Griffin/Ref/hg38_alternative_haplotypes.bed 		--step 15 		--CNA_normalization False 		--individual False 		--smoothing True 		--exclude_outliers True 		--exclude_zero_mappability True 		--number_of_sites none 		--sort_by none 		--ascending none 		--CPU 16 
        (one of the commands exited with non-zero exit code; note that snakemake uses bash strict mode!)
    cluster_jobid: Submitted batch job 18409023

Error executing rule merge_sites on cluster (jobid: 43, external: Submitted batch job 18409023, jobscript: /projects/pangen/analysis/hmac/applications/Griffin/snakemakes/griffin_nucleosome_profiling/.snakemake/tmp.t_vdv6dl/snakejob.merge_sites.43.sh). For error details see the cluster log and the log files of the involved rule(s).
Job failed, going on with independent jobs.
[Wed Oct 15 21:49:20 2025]
Error in rule merge_sites:
    jobid: 25
    output: /projects/pangen/analysis/hmac/applications/Griffin/snakemakes/griffin_nucleosome_profiling/results/POG1757/POG1757.uncorrected.coverage.tsv, /projects/pangen/analysis/hmac/applications/Griffin/snakemakes/griffin_nucleosome_profiling/results/POG1757/POG1757.GC_corrected.coverage.tsv, tmp/POG1757/tmp_pybedtools2
    shell:
        time /projects/pangen/analysis/hmac/applications/Griffin/scripts/griffin_merge_sites.py 		--sample_name POG1757 		--uncorrected_bw_path tmp/POG1757/tmp_bigWig/POG1757.uncorrected.bw 		--GC_corrected_bw_path tmp/POG1757/tmp_bigWig/POG1757.GC_corrected.bw 		--GC_map_corrected_bw_path none 		--mappability_correction False 		--tmp_dir tmp 		--results_dir /projects/pangen/analysis/hmac/applications/Griffin/snakemakes/griffin_nucleosome_profiling/results 		--mappability_bw /projects/pangen/analysis/hmac/applications/Griffin/Ref/k100.Umap.MultiTrackMappability.bw 		--chrom_sizes_path /projects/pangen/analysis/hmac/applications/Griffin/Ref/hg38.standard.chrom.sizes 		--sites_yaml /projects/pangen/analysis/hmac/applications/Griffin/snakemakes/griffin_nucleosome_profiling/config/sites.yaml 		--griffin_scripts /projects/pangen/analysis/hmac/applications/Griffin/scripts 		--chrom_column Chrom 		--position_column position 		--strand_column Strand 		--chroms chr1 chr2 chr3 chr4 chr5 chr6 chr7 chr8 chr9 chr10 chr11 chr12 chr13 chr14 chr15 chr16 chr17 chr18 chr19 chr20 chr21 chr22 		--norm_window -5000 5000 		--save_window -1000 1000 		--center_window -30 30 		--fft_window -960 960 		--fft_index 10 		--smoothing_length 165 		--exclude_paths /projects/pangen/analysis/hmac/applications/Griffin/Ref/encode_unified_GRCh38_exclusion_list.bed /projects/pangen/analysis/hmac/applications/Griffin/Ref/hg38_centromeres.bed /projects/pangen/analysis/hmac/applications/Griffin/Ref/hg38_gaps.bed /projects/pangen/analysis/hmac/applications/Griffin/Ref/hg38_fix_patches.bed /projects/pangen/analysis/hmac/applications/Griffin/Ref/hg38_alternative_haplotypes.bed 		--step 15 		--CNA_normalization False 		--individual False 		--smoothing True 		--exclude_outliers True 		--exclude_zero_mappability True 		--number_of_sites none 		--sort_by none 		--ascending none 		--CPU 16 
        (one of the commands exited with non-zero exit code; note that snakemake uses bash strict mode!)
    cluster_jobid: Submitted batch job 18409024

Error executing rule merge_sites on cluster (jobid: 25, external: Submitted batch job 18409024, jobscript: /projects/pangen/analysis/hmac/applications/Griffin/snakemakes/griffin_nucleosome_profiling/.snakemake/tmp.t_vdv6dl/snakejob.merge_sites.25.sh). For error details see the cluster log and the log files of the involved rule(s).
Job failed, going on with independent jobs.
Submitted job 118 with external jobid 'Submitted batch job 18409660'.
[Wed Oct 15 21:49:20 2025]
Error in rule merge_sites:
    jobid: 65
    output: /projects/pangen/analysis/hmac/applications/Griffin/snakemakes/griffin_nucleosome_profiling/results/POG757/POG757.uncorrected.coverage.tsv, /projects/pangen/analysis/hmac/applications/Griffin/snakemakes/griffin_nucleosome_profiling/results/POG757/POG757.GC_corrected.coverage.tsv, tmp/POG757/tmp_pybedtools2
    shell:
        time /projects/pangen/analysis/hmac/applications/Griffin/scripts/griffin_merge_sites.py 		--sample_name POG757 		--uncorrected_bw_path tmp/POG757/tmp_bigWig/POG757.uncorrected.bw 		--GC_corrected_bw_path tmp/POG757/tmp_bigWig/POG757.GC_corrected.bw 		--GC_map_corrected_bw_path none 		--mappability_correction False 		--tmp_dir tmp 		--results_dir /projects/pangen/analysis/hmac/applications/Griffin/snakemakes/griffin_nucleosome_profiling/results 		--mappability_bw /projects/pangen/analysis/hmac/applications/Griffin/Ref/k100.Umap.MultiTrackMappability.bw 		--chrom_sizes_path /projects/pangen/analysis/hmac/applications/Griffin/Ref/hg38.standard.chrom.sizes 		--sites_yaml /projects/pangen/analysis/hmac/applications/Griffin/snakemakes/griffin_nucleosome_profiling/config/sites.yaml 		--griffin_scripts /projects/pangen/analysis/hmac/applications/Griffin/scripts 		--chrom_column Chrom 		--position_column position 		--strand_column Strand 		--chroms chr1 chr2 chr3 chr4 chr5 chr6 chr7 chr8 chr9 chr10 chr11 chr12 chr13 chr14 chr15 chr16 chr17 chr18 chr19 chr20 chr21 chr22 		--norm_window -5000 5000 		--save_window -1000 1000 		--center_window -30 30 		--fft_window -960 960 		--fft_index 10 		--smoothing_length 165 		--exclude_paths /projects/pangen/analysis/hmac/applications/Griffin/Ref/encode_unified_GRCh38_exclusion_list.bed /projects/pangen/analysis/hmac/applications/Griffin/Ref/hg38_centromeres.bed /projects/pangen/analysis/hmac/applications/Griffin/Ref/hg38_gaps.bed /projects/pangen/analysis/hmac/applications/Griffin/Ref/hg38_fix_patches.bed /projects/pangen/analysis/hmac/applications/Griffin/Ref/hg38_alternative_haplotypes.bed 		--step 15 		--CNA_normalization False 		--individual False 		--smoothing True 		--exclude_outliers True 		--exclude_zero_mappability True 		--number_of_sites none 		--sort_by none 		--ascending none 		--CPU 16 
        (one of the commands exited with non-zero exit code; note that snakemake uses bash strict mode!)
    cluster_jobid: Submitted batch job 18408993

Error executing rule merge_sites on cluster (jobid: 65, external: Submitted batch job 18408993, jobscript: /projects/pangen/analysis/hmac/applications/Griffin/snakemakes/griffin_nucleosome_profiling/.snakemake/tmp.t_vdv6dl/snakejob.merge_sites.65.sh). For error details see the cluster log and the log files of the involved rule(s).
Job failed, going on with independent jobs.
[Wed Oct 15 21:49:20 2025]
Error in rule merge_sites:
    jobid: 68
    output: /projects/pangen/analysis/hmac/applications/Griffin/snakemakes/griffin_nucleosome_profiling/results/POG1071/POG1071.uncorrected.coverage.tsv, /projects/pangen/analysis/hmac/applications/Griffin/snakemakes/griffin_nucleosome_profiling/results/POG1071/POG1071.GC_corrected.coverage.tsv, tmp/POG1071/tmp_pybedtools2
    shell:
        time /projects/pangen/analysis/hmac/applications/Griffin/scripts/griffin_merge_sites.py 		--sample_name POG1071 		--uncorrected_bw_path tmp/POG1071/tmp_bigWig/POG1071.uncorrected.bw 		--GC_corrected_bw_path tmp/POG1071/tmp_bigWig/POG1071.GC_corrected.bw 		--GC_map_corrected_bw_path none 		--mappability_correction False 		--tmp_dir tmp 		--results_dir /projects/pangen/analysis/hmac/applications/Griffin/snakemakes/griffin_nucleosome_profiling/results 		--mappability_bw /projects/pangen/analysis/hmac/applications/Griffin/Ref/k100.Umap.MultiTrackMappability.bw 		--chrom_sizes_path /projects/pangen/analysis/hmac/applications/Griffin/Ref/hg38.standard.chrom.sizes 		--sites_yaml /projects/pangen/analysis/hmac/applications/Griffin/snakemakes/griffin_nucleosome_profiling/config/sites.yaml 		--griffin_scripts /projects/pangen/analysis/hmac/applications/Griffin/scripts 		--chrom_column Chrom 		--position_column position 		--strand_column Strand 		--chroms chr1 chr2 chr3 chr4 chr5 chr6 chr7 chr8 chr9 chr10 chr11 chr12 chr13 chr14 chr15 chr16 chr17 chr18 chr19 chr20 chr21 chr22 		--norm_window -5000 5000 		--save_window -1000 1000 		--center_window -30 30 		--fft_window -960 960 		--fft_index 10 		--smoothing_length 165 		--exclude_paths /projects/pangen/analysis/hmac/applications/Griffin/Ref/encode_unified_GRCh38_exclusion_list.bed /projects/pangen/analysis/hmac/applications/Griffin/Ref/hg38_centromeres.bed /projects/pangen/analysis/hmac/applications/Griffin/Ref/hg38_gaps.bed /projects/pangen/analysis/hmac/applications/Griffin/Ref/hg38_fix_patches.bed /projects/pangen/analysis/hmac/applications/Griffin/Ref/hg38_alternative_haplotypes.bed 		--step 15 		--CNA_normalization False 		--individual False 		--smoothing True 		--exclude_outliers True 		--exclude_zero_mappability True 		--number_of_sites none 		--sort_by none 		--ascending none 		--CPU 16 
        (one of the commands exited with non-zero exit code; note that snakemake uses bash strict mode!)
    cluster_jobid: Submitted batch job 18408994

Error executing rule merge_sites on cluster (jobid: 68, external: Submitted batch job 18408994, jobscript: /projects/pangen/analysis/hmac/applications/Griffin/snakemakes/griffin_nucleosome_profiling/.snakemake/tmp.t_vdv6dl/snakejob.merge_sites.68.sh). For error details see the cluster log and the log files of the involved rule(s).

[Wed Oct 15 21:49:20 2025]
rule calc_cov:
    input: /projects/pangen/analysis/jtopham/samples/POG955/frag/bams/POG955-cfDNA.bam, /projects/pangen/analysis/hmac/applications/Griffin/snakemakes/griffin_GC_and_mappability_correction/results/GC_bias/POG955.GC_bias.txt
    output: tmp/POG955/tmp_bigWig/POG955.uncorrected.bw, tmp/POG955/tmp_bigWig/POG955.GC_corrected.bw, tmp/POG955/tmp_pybedtools
    jobid: 84
    wildcards: samples=POG955

Job failed, going on with independent jobs.
Submitted job 84 with external jobid 'Submitted batch job 18409661'.

[Wed Oct 15 21:49:20 2025]
rule calc_cov:
    input: /projects/pangen/analysis/jtopham/samples/POG914/frag/bams/POG914-cfDNA.bam, /projects/pangen/analysis/hmac/applications/Griffin/snakemakes/griffin_GC_and_mappability_correction/results/GC_bias/POG914.GC_bias.txt
    output: tmp/POG914/tmp_bigWig/POG914.uncorrected.bw, tmp/POG914/tmp_bigWig/POG914.GC_corrected.bw, tmp/POG914/tmp_pybedtools
    jobid: 109
    wildcards: samples=POG914

Submitted job 109 with external jobid 'Submitted batch job 18409662'.

[Wed Oct 15 21:49:20 2025]
rule calc_cov:
    input: /projects/pangen/analysis/jtopham/samples/POG798/frag/bams/POG798-cfDNA.bam, /projects/pangen/analysis/hmac/applications/Griffin/snakemakes/griffin_GC_and_mappability_correction/results/GC_bias/POG798.GC_bias.txt
    output: tmp/POG798/tmp_bigWig/POG798.uncorrected.bw, tmp/POG798/tmp_bigWig/POG798.GC_corrected.bw, tmp/POG798/tmp_pybedtools
    jobid: 136
    wildcards: samples=POG798

Submitted job 136 with external jobid 'Submitted batch job 18409663'.

[Wed Oct 15 21:49:20 2025]
rule calc_cov:
    input: /projects/pangen/analysis/jtopham/samples/POG1181/frag/bams/POG1181-cfDNA.bam, /projects/pangen/analysis/hmac/applications/Griffin/snakemakes/griffin_GC_and_mappability_correction/results/GC_bias/POG1181.GC_bias.txt
    output: tmp/POG1181/tmp_bigWig/POG1181.uncorrected.bw, tmp/POG1181/tmp_bigWig/POG1181.GC_corrected.bw, tmp/POG1181/tmp_pybedtools
    jobid: 135
    wildcards: samples=POG1181

Submitted job 135 with external jobid 'Submitted batch job 18409664'.

[Wed Oct 15 21:49:20 2025]
rule calc_cov:
    input: /projects/pangen/analysis/jtopham/samples/PAN047/frag/bams/PAN047-cfDNA.bam, /projects/pangen/analysis/hmac/applications/Griffin/snakemakes/griffin_GC_and_mappability_correction/results/GC_bias/PAN047.GC_bias.txt
    output: tmp/PAN047/tmp_bigWig/PAN047.uncorrected.bw, tmp/PAN047/tmp_bigWig/PAN047.GC_corrected.bw, tmp/PAN047/tmp_pybedtools
    jobid: 108
    wildcards: samples=PAN047

Submitted job 108 with external jobid 'Submitted batch job 18409665'.

[Wed Oct 15 21:49:20 2025]
rule calc_cov:
    input: /projects/pangen/analysis/jtopham/samples/POG793/frag/bams/POG793-cfDNA.bam, /projects/pangen/analysis/hmac/applications/Griffin/snakemakes/griffin_GC_and_mappability_correction/results/GC_bias/POG793.GC_bias.txt
    output: tmp/POG793/tmp_bigWig/POG793.uncorrected.bw, tmp/POG793/tmp_bigWig/POG793.GC_corrected.bw, tmp/POG793/tmp_pybedtools
    jobid: 78
    wildcards: samples=POG793

Submitted job 78 with external jobid 'Submitted batch job 18409666'.

[Wed Oct 15 21:49:20 2025]
rule calc_cov:
    input: /projects/pangen/analysis/jtopham/samples/POG1146/frag/bams/POG1146-cfDNA.bam, /projects/pangen/analysis/hmac/applications/Griffin/snakemakes/griffin_GC_and_mappability_correction/results/GC_bias/POG1146.GC_bias.txt
    output: tmp/POG1146/tmp_bigWig/POG1146.uncorrected.bw, tmp/POG1146/tmp_bigWig/POG1146.GC_corrected.bw, tmp/POG1146/tmp_pybedtools
    jobid: 143
    wildcards: samples=POG1146

Submitted job 143 with external jobid 'Submitted batch job 18409667'.

[Wed Oct 15 21:49:20 2025]
rule calc_cov:
    input: /projects/pangen/analysis/jtopham/samples/POG1003/frag/bams/POG1003-cfDNA.bam, /projects/pangen/analysis/hmac/applications/Griffin/snakemakes/griffin_GC_and_mappability_correction/results/GC_bias/POG1003.GC_bias.txt
    output: tmp/POG1003/tmp_bigWig/POG1003.uncorrected.bw, tmp/POG1003/tmp_bigWig/POG1003.GC_corrected.bw, tmp/POG1003/tmp_pybedtools
    jobid: 127
    wildcards: samples=POG1003

Submitted job 127 with external jobid 'Submitted batch job 18409668'.
[Wed Oct 15 21:54:13 2025]
Error in rule merge_sites:
    jobid: 38
    output: /projects/pangen/analysis/hmac/applications/Griffin/snakemakes/griffin_nucleosome_profiling/results/POG1008/POG1008.uncorrected.coverage.tsv, /projects/pangen/analysis/hmac/applications/Griffin/snakemakes/griffin_nucleosome_profiling/results/POG1008/POG1008.GC_corrected.coverage.tsv, tmp/POG1008/tmp_pybedtools2
    shell:
        time /projects/pangen/analysis/hmac/applications/Griffin/scripts/griffin_merge_sites.py 		--sample_name POG1008 		--uncorrected_bw_path tmp/POG1008/tmp_bigWig/POG1008.uncorrected.bw 		--GC_corrected_bw_path tmp/POG1008/tmp_bigWig/POG1008.GC_corrected.bw 		--GC_map_corrected_bw_path none 		--mappability_correction False 		--tmp_dir tmp 		--results_dir /projects/pangen/analysis/hmac/applications/Griffin/snakemakes/griffin_nucleosome_profiling/results 		--mappability_bw /projects/pangen/analysis/hmac/applications/Griffin/Ref/k100.Umap.MultiTrackMappability.bw 		--chrom_sizes_path /projects/pangen/analysis/hmac/applications/Griffin/Ref/hg38.standard.chrom.sizes 		--sites_yaml /projects/pangen/analysis/hmac/applications/Griffin/snakemakes/griffin_nucleosome_profiling/config/sites.yaml 		--griffin_scripts /projects/pangen/analysis/hmac/applications/Griffin/scripts 		--chrom_column Chrom 		--position_column position 		--strand_column Strand 		--chroms chr1 chr2 chr3 chr4 chr5 chr6 chr7 chr8 chr9 chr10 chr11 chr12 chr13 chr14 chr15 chr16 chr17 chr18 chr19 chr20 chr21 chr22 		--norm_window -5000 5000 		--save_window -1000 1000 		--center_window -30 30 		--fft_window -960 960 		--fft_index 10 		--smoothing_length 165 		--exclude_paths /projects/pangen/analysis/hmac/applications/Griffin/Ref/encode_unified_GRCh38_exclusion_list.bed /projects/pangen/analysis/hmac/applications/Griffin/Ref/hg38_centromeres.bed /projects/pangen/analysis/hmac/applications/Griffin/Ref/hg38_gaps.bed /projects/pangen/analysis/hmac/applications/Griffin/Ref/hg38_fix_patches.bed /projects/pangen/analysis/hmac/applications/Griffin/Ref/hg38_alternative_haplotypes.bed 		--step 15 		--CNA_normalization False 		--individual False 		--smoothing True 		--exclude_outliers True 		--exclude_zero_mappability True 		--number_of_sites none 		--sort_by none 		--ascending none 		--CPU 16 
        (one of the commands exited with non-zero exit code; note that snakemake uses bash strict mode!)
    cluster_jobid: Submitted batch job 18409321

Error executing rule merge_sites on cluster (jobid: 38, external: Submitted batch job 18409321, jobscript: /projects/pangen/analysis/hmac/applications/Griffin/snakemakes/griffin_nucleosome_profiling/.snakemake/tmp.t_vdv6dl/snakejob.merge_sites.38.sh). For error details see the cluster log and the log files of the involved rule(s).
Job failed, going on with independent jobs.

[Wed Oct 15 21:54:13 2025]
rule calc_cov:
    input: /projects/pangen/analysis/jtopham/samples/POG811/frag/bams/POG811-cfDNA.bam, /projects/pangen/analysis/hmac/applications/Griffin/snakemakes/griffin_GC_and_mappability_correction/results/GC_bias/POG811.GC_bias.txt
    output: tmp/POG811/tmp_bigWig/POG811.uncorrected.bw, tmp/POG811/tmp_bigWig/POG811.GC_corrected.bw, tmp/POG811/tmp_pybedtools
    jobid: 113
    wildcards: samples=POG811

Submitted job 113 with external jobid 'Submitted batch job 18409709'.
[Wed Oct 15 21:54:14 2025]
Error in rule merge_sites:
    jobid: 3
    output: /projects/pangen/analysis/hmac/applications/Griffin/snakemakes/griffin_nucleosome_profiling/results/PAN103/PAN103.uncorrected.coverage.tsv, /projects/pangen/analysis/hmac/applications/Griffin/snakemakes/griffin_nucleosome_profiling/results/PAN103/PAN103.GC_corrected.coverage.tsv, tmp/PAN103/tmp_pybedtools2
    shell:
        time /projects/pangen/analysis/hmac/applications/Griffin/scripts/griffin_merge_sites.py 		--sample_name PAN103 		--uncorrected_bw_path tmp/PAN103/tmp_bigWig/PAN103.uncorrected.bw 		--GC_corrected_bw_path tmp/PAN103/tmp_bigWig/PAN103.GC_corrected.bw 		--GC_map_corrected_bw_path none 		--mappability_correction False 		--tmp_dir tmp 		--results_dir /projects/pangen/analysis/hmac/applications/Griffin/snakemakes/griffin_nucleosome_profiling/results 		--mappability_bw /projects/pangen/analysis/hmac/applications/Griffin/Ref/k100.Umap.MultiTrackMappability.bw 		--chrom_sizes_path /projects/pangen/analysis/hmac/applications/Griffin/Ref/hg38.standard.chrom.sizes 		--sites_yaml /projects/pangen/analysis/hmac/applications/Griffin/snakemakes/griffin_nucleosome_profiling/config/sites.yaml 		--griffin_scripts /projects/pangen/analysis/hmac/applications/Griffin/scripts 		--chrom_column Chrom 		--position_column position 		--strand_column Strand 		--chroms chr1 chr2 chr3 chr4 chr5 chr6 chr7 chr8 chr9 chr10 chr11 chr12 chr13 chr14 chr15 chr16 chr17 chr18 chr19 chr20 chr21 chr22 		--norm_window -5000 5000 		--save_window -1000 1000 		--center_window -30 30 		--fft_window -960 960 		--fft_index 10 		--smoothing_length 165 		--exclude_paths /projects/pangen/analysis/hmac/applications/Griffin/Ref/encode_unified_GRCh38_exclusion_list.bed /projects/pangen/analysis/hmac/applications/Griffin/Ref/hg38_centromeres.bed /projects/pangen/analysis/hmac/applications/Griffin/Ref/hg38_gaps.bed /projects/pangen/analysis/hmac/applications/Griffin/Ref/hg38_fix_patches.bed /projects/pangen/analysis/hmac/applications/Griffin/Ref/hg38_alternative_haplotypes.bed 		--step 15 		--CNA_normalization False 		--individual False 		--smoothing True 		--exclude_outliers True 		--exclude_zero_mappability True 		--number_of_sites none 		--sort_by none 		--ascending none 		--CPU 16 
        (one of the commands exited with non-zero exit code; note that snakemake uses bash strict mode!)
    cluster_jobid: Submitted batch job 18409239

Error executing rule merge_sites on cluster (jobid: 3, external: Submitted batch job 18409239, jobscript: /projects/pangen/analysis/hmac/applications/Griffin/snakemakes/griffin_nucleosome_profiling/.snakemake/tmp.t_vdv6dl/snakejob.merge_sites.3.sh). For error details see the cluster log and the log files of the involved rule(s).
Job failed, going on with independent jobs.

[Wed Oct 15 21:54:14 2025]
rule calc_cov:
    input: /projects/pangen/analysis/jtopham/samples/POG1067/frag/bams/POG1067-cfDNA.bam, /projects/pangen/analysis/hmac/applications/Griffin/snakemakes/griffin_GC_and_mappability_correction/results/GC_bias/POG1067.GC_bias.txt
    output: tmp/POG1067/tmp_bigWig/POG1067.uncorrected.bw, tmp/POG1067/tmp_bigWig/POG1067.GC_corrected.bw, tmp/POG1067/tmp_pybedtools
    jobid: 125
    wildcards: samples=POG1067

[Wed Oct 15 21:54:14 2025]
Error in rule merge_sites:
    jobid: 54
    output: /projects/pangen/analysis/hmac/applications/Griffin/snakemakes/griffin_nucleosome_profiling/results/POG2015/POG2015.uncorrected.coverage.tsv, /projects/pangen/analysis/hmac/applications/Griffin/snakemakes/griffin_nucleosome_profiling/results/POG2015/POG2015.GC_corrected.coverage.tsv, tmp/POG2015/tmp_pybedtools2
    shell:
        time /projects/pangen/analysis/hmac/applications/Griffin/scripts/griffin_merge_sites.py 		--sample_name POG2015 		--uncorrected_bw_path tmp/POG2015/tmp_bigWig/POG2015.uncorrected.bw 		--GC_corrected_bw_path tmp/POG2015/tmp_bigWig/POG2015.GC_corrected.bw 		--GC_map_corrected_bw_path none 		--mappability_correction False 		--tmp_dir tmp 		--results_dir /projects/pangen/analysis/hmac/applications/Griffin/snakemakes/griffin_nucleosome_profiling/results 		--mappability_bw /projects/pangen/analysis/hmac/applications/Griffin/Ref/k100.Umap.MultiTrackMappability.bw 		--chrom_sizes_path /projects/pangen/analysis/hmac/applications/Griffin/Ref/hg38.standard.chrom.sizes 		--sites_yaml /projects/pangen/analysis/hmac/applications/Griffin/snakemakes/griffin_nucleosome_profiling/config/sites.yaml 		--griffin_scripts /projects/pangen/analysis/hmac/applications/Griffin/scripts 		--chrom_column Chrom 		--position_column position 		--strand_column Strand 		--chroms chr1 chr2 chr3 chr4 chr5 chr6 chr7 chr8 chr9 chr10 chr11 chr12 chr13 chr14 chr15 chr16 chr17 chr18 chr19 chr20 chr21 chr22 		--norm_window -5000 5000 		--save_window -1000 1000 		--center_window -30 30 		--fft_window -960 960 		--fft_index 10 		--smoothing_length 165 		--exclude_paths /projects/pangen/analysis/hmac/applications/Griffin/Ref/encode_unified_GRCh38_exclusion_list.bed /projects/pangen/analysis/hmac/applications/Griffin/Ref/hg38_centromeres.bed /projects/pangen/analysis/hmac/applications/Griffin/Ref/hg38_gaps.bed /projects/pangen/analysis/hmac/applications/Griffin/Ref/hg38_fix_patches.bed /projects/pangen/analysis/hmac/applications/Griffin/Ref/hg38_alternative_haplotypes.bed 		--step 15 		--CNA_normalization False 		--individual False 		--smoothing True 		--exclude_outliers True 		--exclude_zero_mappability True 		--number_of_sites none 		--sort_by none 		--ascending none 		--CPU 16 
        (one of the commands exited with non-zero exit code; note that snakemake uses bash strict mode!)
    cluster_jobid: Submitted batch job 18409240

Error executing rule merge_sites on cluster (jobid: 54, external: Submitted batch job 18409240, jobscript: /projects/pangen/analysis/hmac/applications/Griffin/snakemakes/griffin_nucleosome_profiling/.snakemake/tmp.t_vdv6dl/snakejob.merge_sites.54.sh). For error details see the cluster log and the log files of the involved rule(s).
Job failed, going on with independent jobs.
[Wed Oct 15 21:54:14 2025]
Error in rule merge_sites:
    jobid: 48
    output: /projects/pangen/analysis/hmac/applications/Griffin/snakemakes/griffin_nucleosome_profiling/results/PAN069/PAN069.uncorrected.coverage.tsv, /projects/pangen/analysis/hmac/applications/Griffin/snakemakes/griffin_nucleosome_profiling/results/PAN069/PAN069.GC_corrected.coverage.tsv, tmp/PAN069/tmp_pybedtools2
    shell:
        time /projects/pangen/analysis/hmac/applications/Griffin/scripts/griffin_merge_sites.py 		--sample_name PAN069 		--uncorrected_bw_path tmp/PAN069/tmp_bigWig/PAN069.uncorrected.bw 		--GC_corrected_bw_path tmp/PAN069/tmp_bigWig/PAN069.GC_corrected.bw 		--GC_map_corrected_bw_path none 		--mappability_correction False 		--tmp_dir tmp 		--results_dir /projects/pangen/analysis/hmac/applications/Griffin/snakemakes/griffin_nucleosome_profiling/results 		--mappability_bw /projects/pangen/analysis/hmac/applications/Griffin/Ref/k100.Umap.MultiTrackMappability.bw 		--chrom_sizes_path /projects/pangen/analysis/hmac/applications/Griffin/Ref/hg38.standard.chrom.sizes 		--sites_yaml /projects/pangen/analysis/hmac/applications/Griffin/snakemakes/griffin_nucleosome_profiling/config/sites.yaml 		--griffin_scripts /projects/pangen/analysis/hmac/applications/Griffin/scripts 		--chrom_column Chrom 		--position_column position 		--strand_column Strand 		--chroms chr1 chr2 chr3 chr4 chr5 chr6 chr7 chr8 chr9 chr10 chr11 chr12 chr13 chr14 chr15 chr16 chr17 chr18 chr19 chr20 chr21 chr22 		--norm_window -5000 5000 		--save_window -1000 1000 		--center_window -30 30 		--fft_window -960 960 		--fft_index 10 		--smoothing_length 165 		--exclude_paths /projects/pangen/analysis/hmac/applications/Griffin/Ref/encode_unified_GRCh38_exclusion_list.bed /projects/pangen/analysis/hmac/applications/Griffin/Ref/hg38_centromeres.bed /projects/pangen/analysis/hmac/applications/Griffin/Ref/hg38_gaps.bed /projects/pangen/analysis/hmac/applications/Griffin/Ref/hg38_fix_patches.bed /projects/pangen/analysis/hmac/applications/Griffin/Ref/hg38_alternative_haplotypes.bed 		--step 15 		--CNA_normalization False 		--individual False 		--smoothing True 		--exclude_outliers True 		--exclude_zero_mappability True 		--number_of_sites none 		--sort_by none 		--ascending none 		--CPU 16 
        (one of the commands exited with non-zero exit code; note that snakemake uses bash strict mode!)
    cluster_jobid: Submitted batch job 18409241

Error executing rule merge_sites on cluster (jobid: 48, external: Submitted batch job 18409241, jobscript: /projects/pangen/analysis/hmac/applications/Griffin/snakemakes/griffin_nucleosome_profiling/.snakemake/tmp.t_vdv6dl/snakejob.merge_sites.48.sh). For error details see the cluster log and the log files of the involved rule(s).
Job failed, going on with independent jobs.
[Wed Oct 15 21:54:14 2025]
Error in rule merge_sites:
    jobid: 55
    output: /projects/pangen/analysis/hmac/applications/Griffin/snakemakes/griffin_nucleosome_profiling/results/POG2048/POG2048.uncorrected.coverage.tsv, /projects/pangen/analysis/hmac/applications/Griffin/snakemakes/griffin_nucleosome_profiling/results/POG2048/POG2048.GC_corrected.coverage.tsv, tmp/POG2048/tmp_pybedtools2
    shell:
        time /projects/pangen/analysis/hmac/applications/Griffin/scripts/griffin_merge_sites.py 		--sample_name POG2048 		--uncorrected_bw_path tmp/POG2048/tmp_bigWig/POG2048.uncorrected.bw 		--GC_corrected_bw_path tmp/POG2048/tmp_bigWig/POG2048.GC_corrected.bw 		--GC_map_corrected_bw_path none 		--mappability_correction False 		--tmp_dir tmp 		--results_dir /projects/pangen/analysis/hmac/applications/Griffin/snakemakes/griffin_nucleosome_profiling/results 		--mappability_bw /projects/pangen/analysis/hmac/applications/Griffin/Ref/k100.Umap.MultiTrackMappability.bw 		--chrom_sizes_path /projects/pangen/analysis/hmac/applications/Griffin/Ref/hg38.standard.chrom.sizes 		--sites_yaml /projects/pangen/analysis/hmac/applications/Griffin/snakemakes/griffin_nucleosome_profiling/config/sites.yaml 		--griffin_scripts /projects/pangen/analysis/hmac/applications/Griffin/scripts 		--chrom_column Chrom 		--position_column position 		--strand_column Strand 		--chroms chr1 chr2 chr3 chr4 chr5 chr6 chr7 chr8 chr9 chr10 chr11 chr12 chr13 chr14 chr15 chr16 chr17 chr18 chr19 chr20 chr21 chr22 		--norm_window -5000 5000 		--save_window -1000 1000 		--center_window -30 30 		--fft_window -960 960 		--fft_index 10 		--smoothing_length 165 		--exclude_paths /projects/pangen/analysis/hmac/applications/Griffin/Ref/encode_unified_GRCh38_exclusion_list.bed /projects/pangen/analysis/hmac/applications/Griffin/Ref/hg38_centromeres.bed /projects/pangen/analysis/hmac/applications/Griffin/Ref/hg38_gaps.bed /projects/pangen/analysis/hmac/applications/Griffin/Ref/hg38_fix_patches.bed /projects/pangen/analysis/hmac/applications/Griffin/Ref/hg38_alternative_haplotypes.bed 		--step 15 		--CNA_normalization False 		--individual False 		--smoothing True 		--exclude_outliers True 		--exclude_zero_mappability True 		--number_of_sites none 		--sort_by none 		--ascending none 		--CPU 16 
        (one of the commands exited with non-zero exit code; note that snakemake uses bash strict mode!)
Submitted job 125 with external jobid 'Submitted batch job 18409710'.
    cluster_jobid: Submitted batch job 18409242

Error executing rule merge_sites on cluster (jobid: 55, external: Submitted batch job 18409242, jobscript: /projects/pangen/analysis/hmac/applications/Griffin/snakemakes/griffin_nucleosome_profiling/.snakemake/tmp.t_vdv6dl/snakejob.merge_sites.55.sh). For error details see the cluster log and the log files of the involved rule(s).
Job failed, going on with independent jobs.
[Wed Oct 15 21:54:14 2025]
Error in rule merge_sites:
    jobid: 20
    output: /projects/pangen/analysis/hmac/applications/Griffin/snakemakes/griffin_nucleosome_profiling/results/PAN054/PAN054.uncorrected.coverage.tsv, /projects/pangen/analysis/hmac/applications/Griffin/snakemakes/griffin_nucleosome_profiling/results/PAN054/PAN054.GC_corrected.coverage.tsv, tmp/PAN054/tmp_pybedtools2
    shell:
        time /projects/pangen/analysis/hmac/applications/Griffin/scripts/griffin_merge_sites.py 		--sample_name PAN054 		--uncorrected_bw_path tmp/PAN054/tmp_bigWig/PAN054.uncorrected.bw 		--GC_corrected_bw_path tmp/PAN054/tmp_bigWig/PAN054.GC_corrected.bw 		--GC_map_corrected_bw_path none 		--mappability_correction False 		--tmp_dir tmp 		--results_dir /projects/pangen/analysis/hmac/applications/Griffin/snakemakes/griffin_nucleosome_profiling/results 		--mappability_bw /projects/pangen/analysis/hmac/applications/Griffin/Ref/k100.Umap.MultiTrackMappability.bw 		--chrom_sizes_path /projects/pangen/analysis/hmac/applications/Griffin/Ref/hg38.standard.chrom.sizes 		--sites_yaml /projects/pangen/analysis/hmac/applications/Griffin/snakemakes/griffin_nucleosome_profiling/config/sites.yaml 		--griffin_scripts /projects/pangen/analysis/hmac/applications/Griffin/scripts 		--chrom_column Chrom 		--position_column position 		--strand_column Strand 		--chroms chr1 chr2 chr3 chr4 chr5 chr6 chr7 chr8 chr9 chr10 chr11 chr12 chr13 chr14 chr15 chr16 chr17 chr18 chr19 chr20 chr21 chr22 		--norm_window -5000 5000 		--save_window -1000 1000 		--center_window -30 30 		--fft_window -960 960 		--fft_index 10 		--smoothing_length 165 		--exclude_paths /projects/pangen/analysis/hmac/applications/Griffin/Ref/encode_unified_GRCh38_exclusion_list.bed /projects/pangen/analysis/hmac/applications/Griffin/Ref/hg38_centromeres.bed /projects/pangen/analysis/hmac/applications/Griffin/Ref/hg38_gaps.bed /projects/pangen/analysis/hmac/applications/Griffin/Ref/hg38_fix_patches.bed /projects/pangen/analysis/hmac/applications/Griffin/Ref/hg38_alternative_haplotypes.bed 		--step 15 		--CNA_normalization False 		--individual False 		--smoothing True 		--exclude_outliers True 		--exclude_zero_mappability True 		--number_of_sites none 		--sort_by none 		--ascending none 		--CPU 16 
        (one of the commands exited with non-zero exit code; note that snakemake uses bash strict mode!)

    cluster_jobid: Submitted batch job 18409243
[Wed Oct 15 21:54:14 2025]

rule calc_cov:
    input: /projects/pangen/analysis/jtopham/samples/POG1391/frag/bams/POG1391-cfDNA.bam, /projects/pangen/analysis/hmac/applications/Griffin/snakemakes/griffin_GC_and_mappability_correction/results/GC_bias/POG1391.GC_bias.txt
    output: tmp/POG1391/tmp_bigWig/POG1391.uncorrected.bw, tmp/POG1391/tmp_bigWig/POG1391.GC_corrected.bw, tmp/POG1391/tmp_pybedtools
    jobid: 102
    wildcards: samples=POG1391
Error executing rule merge_sites on cluster (jobid: 20, external: Submitted batch job 18409243, jobscript: /projects/pangen/analysis/hmac/applications/Griffin/snakemakes/griffin_nucleosome_profiling/.snakemake/tmp.t_vdv6dl/snakejob.merge_sites.20.sh). For error details see the cluster log and the log files of the involved rule(s).

Job failed, going on with independent jobs.
[Wed Oct 15 21:54:14 2025]
Error in rule merge_sites:
    jobid: 39
    output: /projects/pangen/analysis/hmac/applications/Griffin/snakemakes/griffin_nucleosome_profiling/results/POG1083/POG1083.uncorrected.coverage.tsv, /projects/pangen/analysis/hmac/applications/Griffin/snakemakes/griffin_nucleosome_profiling/results/POG1083/POG1083.GC_corrected.coverage.tsv, tmp/POG1083/tmp_pybedtools2
    shell:
        time /projects/pangen/analysis/hmac/applications/Griffin/scripts/griffin_merge_sites.py 		--sample_name POG1083 		--uncorrected_bw_path tmp/POG1083/tmp_bigWig/POG1083.uncorrected.bw 		--GC_corrected_bw_path tmp/POG1083/tmp_bigWig/POG1083.GC_corrected.bw 		--GC_map_corrected_bw_path none 		--mappability_correction False 		--tmp_dir tmp 		--results_dir /projects/pangen/analysis/hmac/applications/Griffin/snakemakes/griffin_nucleosome_profiling/results 		--mappability_bw /projects/pangen/analysis/hmac/applications/Griffin/Ref/k100.Umap.MultiTrackMappability.bw 		--chrom_sizes_path /projects/pangen/analysis/hmac/applications/Griffin/Ref/hg38.standard.chrom.sizes 		--sites_yaml /projects/pangen/analysis/hmac/applications/Griffin/snakemakes/griffin_nucleosome_profiling/config/sites.yaml 		--griffin_scripts /projects/pangen/analysis/hmac/applications/Griffin/scripts 		--chrom_column Chrom 		--position_column position 		--strand_column Strand 		--chroms chr1 chr2 chr3 chr4 chr5 chr6 chr7 chr8 chr9 chr10 chr11 chr12 chr13 chr14 chr15 chr16 chr17 chr18 chr19 chr20 chr21 chr22 		--norm_window -5000 5000 		--save_window -1000 1000 		--center_window -30 30 		--fft_window -960 960 		--fft_index 10 		--smoothing_length 165 		--exclude_paths /projects/pangen/analysis/hmac/applications/Griffin/Ref/encode_unified_GRCh38_exclusion_list.bed /projects/pangen/analysis/hmac/applications/Griffin/Ref/hg38_centromeres.bed /projects/pangen/analysis/hmac/applications/Griffin/Ref/hg38_gaps.bed /projects/pangen/analysis/hmac/applications/Griffin/Ref/hg38_fix_patches.bed /projects/pangen/analysis/hmac/applications/Griffin/Ref/hg38_alternative_haplotypes.bed 		--step 15 		--CNA_normalization False 		--individual False 		--smoothing True 		--exclude_outliers True 		--exclude_zero_mappability True 		--number_of_sites none 		--sort_by none 		--ascending none 		--CPU 16 
        (one of the commands exited with non-zero exit code; note that snakemake uses bash strict mode!)
    cluster_jobid: Submitted batch job 18409244

Error executing rule merge_sites on cluster (jobid: 39, external: Submitted batch job 18409244, jobscript: /projects/pangen/analysis/hmac/applications/Griffin/snakemakes/griffin_nucleosome_profiling/.snakemake/tmp.t_vdv6dl/snakejob.merge_sites.39.sh). For error details see the cluster log and the log files of the involved rule(s).
Job failed, going on with independent jobs.
[Wed Oct 15 21:54:14 2025]
Error in rule merge_sites:
    jobid: 53
    output: /projects/pangen/analysis/hmac/applications/Griffin/snakemakes/griffin_nucleosome_profiling/results/POG2046/POG2046.uncorrected.coverage.tsv, /projects/pangen/analysis/hmac/applications/Griffin/snakemakes/griffin_nucleosome_profiling/results/POG2046/POG2046.GC_corrected.coverage.tsv, tmp/POG2046/tmp_pybedtools2
    shell:
        time /projects/pangen/analysis/hmac/applications/Griffin/scripts/griffin_merge_sites.py 		--sample_name POG2046 		--uncorrected_bw_path tmp/POG2046/tmp_bigWig/POG2046.uncorrected.bw 		--GC_corrected_bw_path tmp/POG2046/tmp_bigWig/POG2046.GC_corrected.bw 		--GC_map_corrected_bw_path none 		--mappability_correction False 		--tmp_dir tmp 		--results_dir /projects/pangen/analysis/hmac/applications/Griffin/snakemakes/griffin_nucleosome_profiling/results 		--mappability_bw /projects/pangen/analysis/hmac/applications/Griffin/Ref/k100.Umap.MultiTrackMappability.bw 		--chrom_sizes_path /projects/pangen/analysis/hmac/applications/Griffin/Ref/hg38.standard.chrom.sizes 		--sites_yaml /projects/pangen/analysis/hmac/applications/Griffin/snakemakes/griffin_nucleosome_profiling/config/sites.yaml 		--griffin_scripts /projects/pangen/analysis/hmac/applications/Griffin/scripts 		--chrom_column Chrom 		--position_column position 		--strand_column Strand 		--chroms chr1 chr2 chr3 chr4 chr5 chr6 chr7 chr8 chr9 chr10 chr11 chr12 chr13 chr14 chr15 chr16 chr17 chr18 chr19 chr20 chr21 chr22 		--norm_window -5000 5000 		--save_window -1000 1000 		--center_window -30 30 		--fft_window -960 960 		--fft_index 10 		--smoothing_length 165 		--exclude_paths /projects/pangen/analysis/hmac/applications/Griffin/Ref/encode_unified_GRCh38_exclusion_list.bed /projects/pangen/analysis/hmac/applications/Griffin/Ref/hg38_centromeres.bed /projects/pangen/analysis/hmac/applications/Griffin/Ref/hg38_gaps.bed /projects/pangen/analysis/hmac/applications/Griffin/Ref/hg38_fix_patches.bed /projects/pangen/analysis/hmac/applications/Griffin/Ref/hg38_alternative_haplotypes.bed 		--step 15 		--CNA_normalization False 		--individual False 		--smoothing True 		--exclude_outliers True 		--exclude_zero_mappability True 		--number_of_sites none 		--sort_by none 		--ascending none 		--CPU 16 
        (one of the commands exited with non-zero exit code; note that snakemake uses bash strict mode!)
    cluster_jobid: Submitted batch job 18409245

Error executing rule merge_sites on cluster (jobid: 53, external: Submitted batch job 18409245, jobscript: /projects/pangen/analysis/hmac/applications/Griffin/snakemakes/griffin_nucleosome_profiling/.snakemake/tmp.t_vdv6dl/snakejob.merge_sites.53.sh). For error details see the cluster log and the log files of the involved rule(s).
Job failed, going on with independent jobs.
[Wed Oct 15 21:54:14 2025]
Error in rule merge_sites:
    jobid: 14
    output: /projects/pangen/analysis/hmac/applications/Griffin/snakemakes/griffin_nucleosome_profiling/results/POG1126/POG1126.uncorrected.coverage.tsv, /projects/pangen/analysis/hmac/applications/Griffin/snakemakes/griffin_nucleosome_profiling/results/POG1126/POG1126.GC_corrected.coverage.tsv, tmp/POG1126/tmp_pybedtools2
    shell:
        time /projects/pangen/analysis/hmac/applications/Griffin/scripts/griffin_merge_sites.py 		--sample_name POG1126 		--uncorrected_bw_path tmp/POG1126/tmp_bigWig/POG1126.uncorrected.bw 		--GC_corrected_bw_path tmp/POG1126/tmp_bigWig/POG1126.GC_corrected.bw 		--GC_map_corrected_bw_path none 		--mappability_correction False 		--tmp_dir tmp 		--results_dir /projects/pangen/analysis/hmac/applications/Griffin/snakemakes/griffin_nucleosome_profiling/results 		--mappability_bw /projects/pangen/analysis/hmac/applications/Griffin/Ref/k100.Umap.MultiTrackMappability.bw 		--chrom_sizes_path /projects/pangen/analysis/hmac/applications/Griffin/Ref/hg38.standard.chrom.sizes 		--sites_yaml /projects/pangen/analysis/hmac/applications/Griffin/snakemakes/griffin_nucleosome_profiling/config/sites.yaml 		--griffin_scripts /projects/pangen/analysis/hmac/applications/Griffin/scripts 		--chrom_column Chrom 		--position_column position 		--strand_column Strand 		--chroms chr1 chr2 chr3 chr4 chr5 chr6 chr7 chr8 chr9 chr10 chr11 chr12 chr13 chr14 chr15 chr16 chr17 chr18 chr19 chr20 chr21 chr22 		--norm_window -5000 5000 		--save_window -1000 1000 		--center_window -30 30 		--fft_window -960 960 		--fft_index 10 		--smoothing_length 165 		--exclude_paths /projects/pangen/analysis/hmac/applications/Griffin/Ref/encode_unified_GRCh38_exclusion_list.bed /projects/pangen/analysis/hmac/applications/Griffin/Ref/hg38_centromeres.bed /projects/pangen/analysis/hmac/applications/Griffin/Ref/hg38_gaps.bed /projects/pangen/analysis/hmac/applications/Griffin/Ref/hg38_fix_patches.bed /projects/pangen/analysis/hmac/applications/Griffin/Ref/hg38_alternative_haplotypes.bed 		--step 15 		--CNA_normalization False 		--individual False 		--smoothing True 		--exclude_outliers True 		--exclude_zero_mappability True 		--number_of_sites none 		--sort_by none 		--ascending none 		--CPU 16 
        (one of the commands exited with non-zero exit code; note that snakemake uses bash strict mode!)
    cluster_jobid: Submitted batch job 18409218

Error executing rule merge_sites on cluster (jobid: 14, external: Submitted batch job 18409218, jobscript: /projects/pangen/analysis/hmac/applications/Griffin/snakemakes/griffin_nucleosome_profiling/.snakemake/tmp.t_vdv6dl/snakejob.merge_sites.14.sh). For error details see the cluster log and the log files of the involved rule(s).
Submitted job 102 with external jobid 'Submitted batch job 18409711'.
Job failed, going on with independent jobs.
[Wed Oct 15 21:54:14 2025]
Error in rule merge_sites:
    jobid: 41
    output: /projects/pangen/analysis/hmac/applications/Griffin/snakemakes/griffin_nucleosome_profiling/results/POG969/POG969.uncorrected.coverage.tsv, /projects/pangen/analysis/hmac/applications/Griffin/snakemakes/griffin_nucleosome_profiling/results/POG969/POG969.GC_corrected.coverage.tsv, tmp/POG969/tmp_pybedtools2
    shell:
        time /projects/pangen/analysis/hmac/applications/Griffin/scripts/griffin_merge_sites.py 		--sample_name POG969 		--uncorrected_bw_path tmp/POG969/tmp_bigWig/POG969.uncorrected.bw 		--GC_corrected_bw_path tmp/POG969/tmp_bigWig/POG969.GC_corrected.bw 		--GC_map_corrected_bw_path none 		--mappability_correction False 		--tmp_dir tmp 		--results_dir /projects/pangen/analysis/hmac/applications/Griffin/snakemakes/griffin_nucleosome_profiling/results 		--mappability_bw /projects/pangen/analysis/hmac/applications/Griffin/Ref/k100.Umap.MultiTrackMappability.bw 		--chrom_sizes_path /projects/pangen/analysis/hmac/applications/Griffin/Ref/hg38.standard.chrom.sizes 		--sites_yaml /projects/pangen/analysis/hmac/applications/Griffin/snakemakes/griffin_nucleosome_profiling/config/sites.yaml 		--griffin_scripts /projects/pangen/analysis/hmac/applications/Griffin/scripts 		--chrom_column Chrom 		--position_column position 		--strand_column Strand 		--chroms chr1 chr2 chr3 chr4 chr5 chr6 chr7 chr8 chr9 chr10 chr11 chr12 chr13 chr14 chr15 chr16 chr17 chr18 chr19 chr20 chr21 chr22 		--norm_window -5000 5000 		--save_window -1000 1000 		--center_window -30 30 		--fft_window -960 960 		--fft_index 10 		--smoothing_length 165 		--exclude_paths /projects/pangen/analysis/hmac/applications/Griffin/Ref/encode_unified_GRCh38_exclusion_list.bed /projects/pangen/analysis/hmac/applications/Griffin/Ref/hg38_centromeres.bed /projects/pangen/analysis/hmac/applications/Griffin/Ref/hg38_gaps.bed /projects/pangen/analysis/hmac/applications/Griffin/Ref/hg38_fix_patches.bed /projects/pangen/analysis/hmac/applications/Griffin/Ref/hg38_alternative_haplotypes.bed 		--step 15 		--CNA_normalization False 		--individual False 		--smoothing True 		--exclude_outliers True 		--exclude_zero_mappability True 		--number_of_sites none 		--sort_by none 		--ascending none 		--CPU 16 
        (one of the commands exited with non-zero exit code; note that snakemake uses bash strict mode!)
    cluster_jobid: Submitted batch job 18409219

Error executing rule merge_sites on cluster (jobid: 41, external: Submitted batch job 18409219, jobscript: /projects/pangen/analysis/hmac/applications/Griffin/snakemakes/griffin_nucleosome_profiling/.snakemake/tmp.t_vdv6dl/snakejob.merge_sites.41.sh). For error details see the cluster log and the log files of the involved rule(s).
Job failed, going on with independent jobs.

[Wed Oct 15 21:54:14 2025]
rule calc_cov:
    input: /projects/pangen/analysis/jtopham/samples/PAN081/frag/bams/PAN081-cfDNA.bam, /projects/pangen/analysis/hmac/applications/Griffin/snakemakes/griffin_GC_and_mappability_correction/results/GC_bias/PAN081.GC_bias.txt
    output: tmp/PAN081/tmp_bigWig/PAN081.uncorrected.bw, tmp/PAN081/tmp_bigWig/PAN081.GC_corrected.bw, tmp/PAN081/tmp_pybedtools
    jobid: 91
    wildcards: samples=PAN081

[Wed Oct 15 21:54:14 2025]
Error in rule merge_sites:
    jobid: 66
    output: /projects/pangen/analysis/hmac/applications/Griffin/snakemakes/griffin_nucleosome_profiling/results/POG1129/POG1129.uncorrected.coverage.tsv, /projects/pangen/analysis/hmac/applications/Griffin/snakemakes/griffin_nucleosome_profiling/results/POG1129/POG1129.GC_corrected.coverage.tsv, tmp/POG1129/tmp_pybedtools2
    shell:
        time /projects/pangen/analysis/hmac/applications/Griffin/scripts/griffin_merge_sites.py 		--sample_name POG1129 		--uncorrected_bw_path tmp/POG1129/tmp_bigWig/POG1129.uncorrected.bw 		--GC_corrected_bw_path tmp/POG1129/tmp_bigWig/POG1129.GC_corrected.bw 		--GC_map_corrected_bw_path none 		--mappability_correction False 		--tmp_dir tmp 		--results_dir /projects/pangen/analysis/hmac/applications/Griffin/snakemakes/griffin_nucleosome_profiling/results 		--mappability_bw /projects/pangen/analysis/hmac/applications/Griffin/Ref/k100.Umap.MultiTrackMappability.bw 		--chrom_sizes_path /projects/pangen/analysis/hmac/applications/Griffin/Ref/hg38.standard.chrom.sizes 		--sites_yaml /projects/pangen/analysis/hmac/applications/Griffin/snakemakes/griffin_nucleosome_profiling/config/sites.yaml 		--griffin_scripts /projects/pangen/analysis/hmac/applications/Griffin/scripts 		--chrom_column Chrom 		--position_column position 		--strand_column Strand 		--chroms chr1 chr2 chr3 chr4 chr5 chr6 chr7 chr8 chr9 chr10 chr11 chr12 chr13 chr14 chr15 chr16 chr17 chr18 chr19 chr20 chr21 chr22 		--norm_window -5000 5000 		--save_window -1000 1000 		--center_window -30 30 		--fft_window -960 960 		--fft_index 10 		--smoothing_length 165 		--exclude_paths /projects/pangen/analysis/hmac/applications/Griffin/Ref/encode_unified_GRCh38_exclusion_list.bed /projects/pangen/analysis/hmac/applications/Griffin/Ref/hg38_centromeres.bed /projects/pangen/analysis/hmac/applications/Griffin/Ref/hg38_gaps.bed /projects/pangen/analysis/hmac/applications/Griffin/Ref/hg38_fix_patches.bed /projects/pangen/analysis/hmac/applications/Griffin/Ref/hg38_alternative_haplotypes.bed 		--step 15 		--CNA_normalization False 		--individual False 		--smoothing True 		--exclude_outliers True 		--exclude_zero_mappability True 		--number_of_sites none 		--sort_by none 		--ascending none 		--CPU 16 
        (one of the commands exited with non-zero exit code; note that snakemake uses bash strict mode!)
    cluster_jobid: Submitted batch job 18409220

Error executing rule merge_sites on cluster (jobid: 66, external: Submitted batch job 18409220, jobscript: /projects/pangen/analysis/hmac/applications/Griffin/snakemakes/griffin_nucleosome_profiling/.snakemake/tmp.t_vdv6dl/snakejob.merge_sites.66.sh). For error details see the cluster log and the log files of the involved rule(s).
Job failed, going on with independent jobs.
Submitted job 91 with external jobid 'Submitted batch job 18409712'.

[Wed Oct 15 21:54:14 2025]
rule calc_cov:
    input: /projects/pangen/analysis/jtopham/samples/POG1020/frag/bams/POG1020-cfDNA.bam, /projects/pangen/analysis/hmac/applications/Griffin/snakemakes/griffin_GC_and_mappability_correction/results/GC_bias/POG1020.GC_bias.txt
    output: tmp/POG1020/tmp_bigWig/POG1020.uncorrected.bw, tmp/POG1020/tmp_bigWig/POG1020.GC_corrected.bw, tmp/POG1020/tmp_pybedtools
    jobid: 85
    wildcards: samples=POG1020

Submitted job 85 with external jobid 'Submitted batch job 18409713'.

[Wed Oct 15 21:54:14 2025]
rule calc_cov:
    input: /projects/pangen/analysis/jtopham/samples/POG1000/frag/bams/POG1000-cfDNA.bam, /projects/pangen/analysis/hmac/applications/Griffin/snakemakes/griffin_GC_and_mappability_correction/results/GC_bias/POG1000.GC_bias.txt
    output: tmp/POG1000/tmp_bigWig/POG1000.uncorrected.bw, tmp/POG1000/tmp_bigWig/POG1000.GC_corrected.bw, tmp/POG1000/tmp_pybedtools
    jobid: 94
    wildcards: samples=POG1000

Submitted job 94 with external jobid 'Submitted batch job 18409714'.

[Wed Oct 15 21:54:14 2025]
rule calc_cov:
    input: /projects/pangen/analysis/jtopham/samples/POG1147/frag/bams/POG1147-cfDNA.bam, /projects/pangen/analysis/hmac/applications/Griffin/snakemakes/griffin_GC_and_mappability_correction/results/GC_bias/POG1147.GC_bias.txt
    output: tmp/POG1147/tmp_bigWig/POG1147.uncorrected.bw, tmp/POG1147/tmp_bigWig/POG1147.GC_corrected.bw, tmp/POG1147/tmp_pybedtools
    jobid: 151
    wildcards: samples=POG1147

Submitted job 151 with external jobid 'Submitted batch job 18409715'.

[Wed Oct 15 21:54:14 2025]
rule calc_cov:
    input: /projects/pangen/analysis/jtopham/samples/POG878/frag/bams/POG878-cfDNA.bam, /projects/pangen/analysis/hmac/applications/Griffin/snakemakes/griffin_GC_and_mappability_correction/results/GC_bias/POG878.GC_bias.txt
    output: tmp/POG878/tmp_bigWig/POG878.uncorrected.bw, tmp/POG878/tmp_bigWig/POG878.GC_corrected.bw, tmp/POG878/tmp_pybedtools
    jobid: 95
    wildcards: samples=POG878

Submitted job 95 with external jobid 'Submitted batch job 18409716'.

[Wed Oct 15 21:54:14 2025]
rule calc_cov:
    input: /projects/pangen/analysis/jtopham/samples/POG1195/frag/bams/POG1195-cfDNA.bam, /projects/pangen/analysis/hmac/applications/Griffin/snakemakes/griffin_GC_and_mappability_correction/results/GC_bias/POG1195.GC_bias.txt
    output: tmp/POG1195/tmp_bigWig/POG1195.uncorrected.bw, tmp/POG1195/tmp_bigWig/POG1195.GC_corrected.bw, tmp/POG1195/tmp_pybedtools
    jobid: 147
    wildcards: samples=POG1195

Submitted job 147 with external jobid 'Submitted batch job 18409717'.

[Wed Oct 15 21:54:14 2025]
rule calc_cov:
    input: /projects/pangen/analysis/jtopham/samples/POG1713/frag/bams/POG1713-cfDNA.bam, /projects/pangen/analysis/hmac/applications/Griffin/snakemakes/griffin_GC_and_mappability_correction/results/GC_bias/POG1713.GC_bias.txt
    output: tmp/POG1713/tmp_bigWig/POG1713.uncorrected.bw, tmp/POG1713/tmp_bigWig/POG1713.GC_corrected.bw, tmp/POG1713/tmp_pybedtools
    jobid: 150
    wildcards: samples=POG1713

Submitted job 150 with external jobid 'Submitted batch job 18409718'.

[Wed Oct 15 21:54:14 2025]
rule calc_cov:
    input: /projects/pangen/analysis/jtopham/samples/PAN044/frag/bams/PAN044-cfDNA.bam, /projects/pangen/analysis/hmac/applications/Griffin/snakemakes/griffin_GC_and_mappability_correction/results/GC_bias/PAN044.GC_bias.txt
    output: tmp/PAN044/tmp_bigWig/PAN044.uncorrected.bw, tmp/PAN044/tmp_bigWig/PAN044.GC_corrected.bw, tmp/PAN044/tmp_pybedtools
    jobid: 106
    wildcards: samples=PAN044

Submitted job 106 with external jobid 'Submitted batch job 18409719'.
[Wed Oct 15 21:54:15 2025]
Error in rule merge_sites:
    jobid: 70
    output: /projects/pangen/analysis/hmac/applications/Griffin/snakemakes/griffin_nucleosome_profiling/results/PAN097/PAN097.uncorrected.coverage.tsv, /projects/pangen/analysis/hmac/applications/Griffin/snakemakes/griffin_nucleosome_profiling/results/PAN097/PAN097.GC_corrected.coverage.tsv, tmp/PAN097/tmp_pybedtools2
    shell:
        time /projects/pangen/analysis/hmac/applications/Griffin/scripts/griffin_merge_sites.py 		--sample_name PAN097 		--uncorrected_bw_path tmp/PAN097/tmp_bigWig/PAN097.uncorrected.bw 		--GC_corrected_bw_path tmp/PAN097/tmp_bigWig/PAN097.GC_corrected.bw 		--GC_map_corrected_bw_path none 		--mappability_correction False 		--tmp_dir tmp 		--results_dir /projects/pangen/analysis/hmac/applications/Griffin/snakemakes/griffin_nucleosome_profiling/results 		--mappability_bw /projects/pangen/analysis/hmac/applications/Griffin/Ref/k100.Umap.MultiTrackMappability.bw 		--chrom_sizes_path /projects/pangen/analysis/hmac/applications/Griffin/Ref/hg38.standard.chrom.sizes 		--sites_yaml /projects/pangen/analysis/hmac/applications/Griffin/snakemakes/griffin_nucleosome_profiling/config/sites.yaml 		--griffin_scripts /projects/pangen/analysis/hmac/applications/Griffin/scripts 		--chrom_column Chrom 		--position_column position 		--strand_column Strand 		--chroms chr1 chr2 chr3 chr4 chr5 chr6 chr7 chr8 chr9 chr10 chr11 chr12 chr13 chr14 chr15 chr16 chr17 chr18 chr19 chr20 chr21 chr22 		--norm_window -5000 5000 		--save_window -1000 1000 		--center_window -30 30 		--fft_window -960 960 		--fft_index 10 		--smoothing_length 165 		--exclude_paths /projects/pangen/analysis/hmac/applications/Griffin/Ref/encode_unified_GRCh38_exclusion_list.bed /projects/pangen/analysis/hmac/applications/Griffin/Ref/hg38_centromeres.bed /projects/pangen/analysis/hmac/applications/Griffin/Ref/hg38_gaps.bed /projects/pangen/analysis/hmac/applications/Griffin/Ref/hg38_fix_patches.bed /projects/pangen/analysis/hmac/applications/Griffin/Ref/hg38_alternative_haplotypes.bed 		--step 15 		--CNA_normalization False 		--individual False 		--smoothing True 		--exclude_outliers True 		--exclude_zero_mappability True 		--number_of_sites none 		--sort_by none 		--ascending none 		--CPU 16 
        (one of the commands exited with non-zero exit code; note that snakemake uses bash strict mode!)
    cluster_jobid: Submitted batch job 18409322

Error executing rule merge_sites on cluster (jobid: 70, external: Submitted batch job 18409322, jobscript: /projects/pangen/analysis/hmac/applications/Griffin/snakemakes/griffin_nucleosome_profiling/.snakemake/tmp.t_vdv6dl/snakejob.merge_sites.70.sh). For error details see the cluster log and the log files of the involved rule(s).
Job failed, going on with independent jobs.

[Wed Oct 15 21:54:15 2025]
rule calc_cov:
    input: /projects/pangen/analysis/jtopham/samples/POG1804/frag/bams/POG1804-cfDNA.bam, /projects/pangen/analysis/hmac/applications/Griffin/snakemakes/griffin_GC_and_mappability_correction/results/GC_bias/POG1804.GC_bias.txt
    output: tmp/POG1804/tmp_bigWig/POG1804.uncorrected.bw, tmp/POG1804/tmp_bigWig/POG1804.GC_corrected.bw, tmp/POG1804/tmp_pybedtools
    jobid: 100
    wildcards: samples=POG1804

Submitted job 100 with external jobid 'Submitted batch job 18409720'.
[Wed Oct 15 21:54:29 2025]
Error in rule merge_sites:
    jobid: 73
    output: /projects/pangen/analysis/hmac/applications/Griffin/snakemakes/griffin_nucleosome_profiling/results/POG1291/POG1291.uncorrected.coverage.tsv, /projects/pangen/analysis/hmac/applications/Griffin/snakemakes/griffin_nucleosome_profiling/results/POG1291/POG1291.GC_corrected.coverage.tsv, tmp/POG1291/tmp_pybedtools2
    shell:
        time /projects/pangen/analysis/hmac/applications/Griffin/scripts/griffin_merge_sites.py 		--sample_name POG1291 		--uncorrected_bw_path tmp/POG1291/tmp_bigWig/POG1291.uncorrected.bw 		--GC_corrected_bw_path tmp/POG1291/tmp_bigWig/POG1291.GC_corrected.bw 		--GC_map_corrected_bw_path none 		--mappability_correction False 		--tmp_dir tmp 		--results_dir /projects/pangen/analysis/hmac/applications/Griffin/snakemakes/griffin_nucleosome_profiling/results 		--mappability_bw /projects/pangen/analysis/hmac/applications/Griffin/Ref/k100.Umap.MultiTrackMappability.bw 		--chrom_sizes_path /projects/pangen/analysis/hmac/applications/Griffin/Ref/hg38.standard.chrom.sizes 		--sites_yaml /projects/pangen/analysis/hmac/applications/Griffin/snakemakes/griffin_nucleosome_profiling/config/sites.yaml 		--griffin_scripts /projects/pangen/analysis/hmac/applications/Griffin/scripts 		--chrom_column Chrom 		--position_column position 		--strand_column Strand 		--chroms chr1 chr2 chr3 chr4 chr5 chr6 chr7 chr8 chr9 chr10 chr11 chr12 chr13 chr14 chr15 chr16 chr17 chr18 chr19 chr20 chr21 chr22 		--norm_window -5000 5000 		--save_window -1000 1000 		--center_window -30 30 		--fft_window -960 960 		--fft_index 10 		--smoothing_length 165 		--exclude_paths /projects/pangen/analysis/hmac/applications/Griffin/Ref/encode_unified_GRCh38_exclusion_list.bed /projects/pangen/analysis/hmac/applications/Griffin/Ref/hg38_centromeres.bed /projects/pangen/analysis/hmac/applications/Griffin/Ref/hg38_gaps.bed /projects/pangen/analysis/hmac/applications/Griffin/Ref/hg38_fix_patches.bed /projects/pangen/analysis/hmac/applications/Griffin/Ref/hg38_alternative_haplotypes.bed 		--step 15 		--CNA_normalization False 		--individual False 		--smoothing True 		--exclude_outliers True 		--exclude_zero_mappability True 		--number_of_sites none 		--sort_by none 		--ascending none 		--CPU 16 
        (one of the commands exited with non-zero exit code; note that snakemake uses bash strict mode!)
    cluster_jobid: Submitted batch job 18409344

Error executing rule merge_sites on cluster (jobid: 73, external: Submitted batch job 18409344, jobscript: /projects/pangen/analysis/hmac/applications/Griffin/snakemakes/griffin_nucleosome_profiling/.snakemake/tmp.t_vdv6dl/snakejob.merge_sites.73.sh). For error details see the cluster log and the log files of the involved rule(s).
Job failed, going on with independent jobs.

[Wed Oct 15 21:54:29 2025]
rule calc_cov:
    input: /projects/pangen/analysis/jtopham/samples/POG1099/frag/bams/POG1099-cfDNA.bam, /projects/pangen/analysis/hmac/applications/Griffin/snakemakes/griffin_GC_and_mappability_correction/results/GC_bias/POG1099.GC_bias.txt
    output: tmp/POG1099/tmp_bigWig/POG1099.uncorrected.bw, tmp/POG1099/tmp_bigWig/POG1099.GC_corrected.bw, tmp/POG1099/tmp_pybedtools
    jobid: 112
    wildcards: samples=POG1099

Submitted job 112 with external jobid 'Submitted batch job 18409721'.
Removing temporary output file tmp/POG1057/tmp_pybedtools.
[Wed Oct 15 22:55:11 2025]
Finished job 83.
41 of 152 steps (27%) done

[Wed Oct 15 22:55:11 2025]
rule merge_sites:
    input: tmp/POG1057/tmp_bigWig/POG1057.uncorrected.bw, tmp/POG1057/tmp_bigWig/POG1057.GC_corrected.bw
    output: /projects/pangen/analysis/hmac/applications/Griffin/snakemakes/griffin_nucleosome_profiling/results/POG1057/POG1057.uncorrected.coverage.tsv, /projects/pangen/analysis/hmac/applications/Griffin/snakemakes/griffin_nucleosome_profiling/results/POG1057/POG1057.GC_corrected.coverage.tsv, tmp/POG1057/tmp_pybedtools2
    jobid: 7
    wildcards: samples=POG1057

Removing temporary output file tmp/POG949/tmp_pybedtools.
[Wed Oct 15 22:55:11 2025]
Finished job 97.
42 of 152 steps (28%) done
Submitted job 7 with external jobid 'Submitted batch job 18413433'.
Removing temporary output file tmp/POG710/tmp_pybedtools.
[Wed Oct 15 22:55:11 2025]
Finished job 118.
43 of 152 steps (28%) done

[Wed Oct 15 22:55:11 2025]
rule merge_sites:
    input: tmp/POG949/tmp_bigWig/POG949.uncorrected.bw, tmp/POG949/tmp_bigWig/POG949.GC_corrected.bw
    output: /projects/pangen/analysis/hmac/applications/Griffin/snakemakes/griffin_nucleosome_profiling/results/POG949/POG949.uncorrected.coverage.tsv, /projects/pangen/analysis/hmac/applications/Griffin/snakemakes/griffin_nucleosome_profiling/results/POG949/POG949.GC_corrected.coverage.tsv, tmp/POG949/tmp_pybedtools2
    jobid: 21
    wildcards: samples=POG949

Submitted job 21 with external jobid 'Submitted batch job 18413434'.

[Wed Oct 15 22:55:11 2025]
rule merge_sites:
    input: tmp/POG710/tmp_bigWig/POG710.uncorrected.bw, tmp/POG710/tmp_bigWig/POG710.GC_corrected.bw
    output: /projects/pangen/analysis/hmac/applications/Griffin/snakemakes/griffin_nucleosome_profiling/results/POG710/POG710.uncorrected.coverage.tsv, /projects/pangen/analysis/hmac/applications/Griffin/snakemakes/griffin_nucleosome_profiling/results/POG710/POG710.GC_corrected.coverage.tsv, tmp/POG710/tmp_pybedtools2
    jobid: 42
    wildcards: samples=POG710

Submitted job 42 with external jobid 'Submitted batch job 18413435'.
Removing temporary output file tmp/POG1009/tmp_pybedtools.
[Wed Oct 15 22:55:12 2025]
Finished job 80.
44 of 152 steps (29%) done

[Wed Oct 15 22:55:12 2025]
rule merge_sites:
    input: tmp/POG1009/tmp_bigWig/POG1009.uncorrected.bw, tmp/POG1009/tmp_bigWig/POG1009.GC_corrected.bw
    output: /projects/pangen/analysis/hmac/applications/Griffin/snakemakes/griffin_nucleosome_profiling/results/POG1009/POG1009.uncorrected.coverage.tsv, /projects/pangen/analysis/hmac/applications/Griffin/snakemakes/griffin_nucleosome_profiling/results/POG1009/POG1009.GC_corrected.coverage.tsv, tmp/POG1009/tmp_pybedtools2
    jobid: 4
    wildcards: samples=POG1009

Removing temporary output file tmp/POG920/tmp_pybedtools.
[Wed Oct 15 22:55:12 2025]
Finished job 122.
45 of 152 steps (30%) done
Submitted job 4 with external jobid 'Submitted batch job 18413436'.
Removing temporary output file tmp/POG1764/tmp_pybedtools.
[Wed Oct 15 22:55:12 2025]
Finished job 87.
46 of 152 steps (30%) done

[Wed Oct 15 22:55:12 2025]
rule merge_sites:
    input: tmp/POG920/tmp_bigWig/POG920.uncorrected.bw, tmp/POG920/tmp_bigWig/POG920.GC_corrected.bw
    output: /projects/pangen/analysis/hmac/applications/Griffin/snakemakes/griffin_nucleosome_profiling/results/POG920/POG920.uncorrected.coverage.tsv, /projects/pangen/analysis/hmac/applications/Griffin/snakemakes/griffin_nucleosome_profiling/results/POG920/POG920.GC_corrected.coverage.tsv, tmp/POG920/tmp_pybedtools2
    jobid: 46
    wildcards: samples=POG920

Removing temporary output file tmp/POG1108/tmp_pybedtools.
[Wed Oct 15 22:55:12 2025]
Finished job 132.
47 of 152 steps (31%) done
Submitted job 46 with external jobid 'Submitted batch job 18413437'.

[Wed Oct 15 22:55:12 2025]
rule merge_sites:
    input: tmp/POG1764/tmp_bigWig/POG1764.uncorrected.bw, tmp/POG1764/tmp_bigWig/POG1764.GC_corrected.bw
    output: /projects/pangen/analysis/hmac/applications/Griffin/snakemakes/griffin_nucleosome_profiling/results/POG1764/POG1764.uncorrected.coverage.tsv, /projects/pangen/analysis/hmac/applications/Griffin/snakemakes/griffin_nucleosome_profiling/results/POG1764/POG1764.GC_corrected.coverage.tsv, tmp/POG1764/tmp_pybedtools2
    jobid: 11
    wildcards: samples=POG1764

Removing temporary output file tmp/PAN051/tmp_pybedtools.
[Wed Oct 15 22:55:12 2025]
Finished job 138.
48 of 152 steps (32%) done
Submitted job 11 with external jobid 'Submitted batch job 18413438'.
Removing temporary output file tmp/PAN090/tmp_pybedtools.
[Wed Oct 15 22:55:12 2025]
Finished job 89.
49 of 152 steps (32%) done
[Wed Oct 15 22:55:12 2025]
Error in rule merge_sites:
    jobid: 44
    output: /projects/pangen/analysis/hmac/applications/Griffin/snakemakes/griffin_nucleosome_profiling/results/POG1272/POG1272.uncorrected.coverage.tsv, /projects/pangen/analysis/hmac/applications/Griffin/snakemakes/griffin_nucleosome_profiling/results/POG1272/POG1272.GC_corrected.coverage.tsv, tmp/POG1272/tmp_pybedtools2
    shell:
        time /projects/pangen/analysis/hmac/applications/Griffin/scripts/griffin_merge_sites.py 		--sample_name POG1272 		--uncorrected_bw_path tmp/POG1272/tmp_bigWig/POG1272.uncorrected.bw 		--GC_corrected_bw_path tmp/POG1272/tmp_bigWig/POG1272.GC_corrected.bw 		--GC_map_corrected_bw_path none 		--mappability_correction False 		--tmp_dir tmp 		--results_dir /projects/pangen/analysis/hmac/applications/Griffin/snakemakes/griffin_nucleosome_profiling/results 		--mappability_bw /projects/pangen/analysis/hmac/applications/Griffin/Ref/k100.Umap.MultiTrackMappability.bw 		--chrom_sizes_path /projects/pangen/analysis/hmac/applications/Griffin/Ref/hg38.standard.chrom.sizes 		--sites_yaml /projects/pangen/analysis/hmac/applications/Griffin/snakemakes/griffin_nucleosome_profiling/config/sites.yaml 		--griffin_scripts /projects/pangen/analysis/hmac/applications/Griffin/scripts 		--chrom_column Chrom 		--position_column position 		--strand_column Strand 		--chroms chr1 chr2 chr3 chr4 chr5 chr6 chr7 chr8 chr9 chr10 chr11 chr12 chr13 chr14 chr15 chr16 chr17 chr18 chr19 chr20 chr21 chr22 		--norm_window -5000 5000 		--save_window -1000 1000 		--center_window -30 30 		--fft_window -960 960 		--fft_index 10 		--smoothing_length 165 		--exclude_paths /projects/pangen/analysis/hmac/applications/Griffin/Ref/encode_unified_GRCh38_exclusion_list.bed /projects/pangen/analysis/hmac/applications/Griffin/Ref/hg38_centromeres.bed /projects/pangen/analysis/hmac/applications/Griffin/Ref/hg38_gaps.bed /projects/pangen/analysis/hmac/applications/Griffin/Ref/hg38_fix_patches.bed /projects/pangen/analysis/hmac/applications/Griffin/Ref/hg38_alternative_haplotypes.bed 		--step 15 		--CNA_normalization False 		--individual False 		--smoothing True 		--exclude_outliers True 		--exclude_zero_mappability True 		--number_of_sites none 		--sort_by none 		--ascending none 		--CPU 16 
        (one of the commands exited with non-zero exit code; note that snakemake uses bash strict mode!)
    cluster_jobid: Submitted batch job 18409369


[Wed Oct 15 22:55:12 2025]
Error executing rule merge_sites on cluster (jobid: 44, external: Submitted batch job 18409369, jobscript: /projects/pangen/analysis/hmac/applications/Griffin/snakemakes/griffin_nucleosome_profiling/.snakemake/tmp.t_vdv6dl/snakejob.merge_sites.44.sh). For error details see the cluster log and the log files of the involved rule(s).
rule merge_sites:
    input: tmp/POG1108/tmp_bigWig/POG1108.uncorrected.bw, tmp/POG1108/tmp_bigWig/POG1108.GC_corrected.bw
    output: /projects/pangen/analysis/hmac/applications/Griffin/snakemakes/griffin_nucleosome_profiling/results/POG1108/POG1108.uncorrected.coverage.tsv, /projects/pangen/analysis/hmac/applications/Griffin/snakemakes/griffin_nucleosome_profiling/results/POG1108/POG1108.GC_corrected.coverage.tsv, tmp/POG1108/tmp_pybedtools2
    jobid: 56
    wildcards: samples=POG1108

Job failed, going on with independent jobs.
Submitted job 56 with external jobid 'Submitted batch job 18413439'.

[Wed Oct 15 22:55:12 2025]
rule merge_sites:
    input: tmp/PAN051/tmp_bigWig/PAN051.uncorrected.bw, tmp/PAN051/tmp_bigWig/PAN051.GC_corrected.bw
    output: /projects/pangen/analysis/hmac/applications/Griffin/snakemakes/griffin_nucleosome_profiling/results/PAN051/PAN051.uncorrected.coverage.tsv, /projects/pangen/analysis/hmac/applications/Griffin/snakemakes/griffin_nucleosome_profiling/results/PAN051/PAN051.GC_corrected.coverage.tsv, tmp/PAN051/tmp_pybedtools2
    jobid: 62
    wildcards: samples=PAN051

Submitted job 62 with external jobid 'Submitted batch job 18413440'.

[Wed Oct 15 22:55:12 2025]
rule merge_sites:
    input: tmp/PAN090/tmp_bigWig/PAN090.uncorrected.bw, tmp/PAN090/tmp_bigWig/PAN090.GC_corrected.bw
    output: /projects/pangen/analysis/hmac/applications/Griffin/snakemakes/griffin_nucleosome_profiling/results/PAN090/PAN090.uncorrected.coverage.tsv, /projects/pangen/analysis/hmac/applications/Griffin/snakemakes/griffin_nucleosome_profiling/results/PAN090/PAN090.GC_corrected.coverage.tsv, tmp/PAN090/tmp_pybedtools2
    jobid: 13
    wildcards: samples=PAN090

Submitted job 13 with external jobid 'Submitted batch job 18413441'.

[Wed Oct 15 22:55:12 2025]
rule calc_cov:
    input: /projects/pangen/analysis/jtopham/samples/POG1156/frag/bams/POG1156-cfDNA.bam, /projects/pangen/analysis/hmac/applications/Griffin/snakemakes/griffin_GC_and_mappability_correction/results/GC_bias/POG1156.GC_bias.txt
    output: tmp/POG1156/tmp_bigWig/POG1156.uncorrected.bw, tmp/POG1156/tmp_bigWig/POG1156.GC_corrected.bw, tmp/POG1156/tmp_pybedtools
    jobid: 148
    wildcards: samples=POG1156

Submitted job 148 with external jobid 'Submitted batch job 18413442'.
[Wed Oct 15 22:55:13 2025]
Error in rule merge_sites:
    jobid: 10
    output: /projects/pangen/analysis/hmac/applications/Griffin/snakemakes/griffin_nucleosome_profiling/results/POG1651/POG1651.uncorrected.coverage.tsv, /projects/pangen/analysis/hmac/applications/Griffin/snakemakes/griffin_nucleosome_profiling/results/POG1651/POG1651.GC_corrected.coverage.tsv, tmp/POG1651/tmp_pybedtools2
    shell:
        time /projects/pangen/analysis/hmac/applications/Griffin/scripts/griffin_merge_sites.py 		--sample_name POG1651 		--uncorrected_bw_path tmp/POG1651/tmp_bigWig/POG1651.uncorrected.bw 		--GC_corrected_bw_path tmp/POG1651/tmp_bigWig/POG1651.GC_corrected.bw 		--GC_map_corrected_bw_path none 		--mappability_correction False 		--tmp_dir tmp 		--results_dir /projects/pangen/analysis/hmac/applications/Griffin/snakemakes/griffin_nucleosome_profiling/results 		--mappability_bw /projects/pangen/analysis/hmac/applications/Griffin/Ref/k100.Umap.MultiTrackMappability.bw 		--chrom_sizes_path /projects/pangen/analysis/hmac/applications/Griffin/Ref/hg38.standard.chrom.sizes 		--sites_yaml /projects/pangen/analysis/hmac/applications/Griffin/snakemakes/griffin_nucleosome_profiling/config/sites.yaml 		--griffin_scripts /projects/pangen/analysis/hmac/applications/Griffin/scripts 		--chrom_column Chrom 		--position_column position 		--strand_column Strand 		--chroms chr1 chr2 chr3 chr4 chr5 chr6 chr7 chr8 chr9 chr10 chr11 chr12 chr13 chr14 chr15 chr16 chr17 chr18 chr19 chr20 chr21 chr22 		--norm_window -5000 5000 		--save_window -1000 1000 		--center_window -30 30 		--fft_window -960 960 		--fft_index 10 		--smoothing_length 165 		--exclude_paths /projects/pangen/analysis/hmac/applications/Griffin/Ref/encode_unified_GRCh38_exclusion_list.bed /projects/pangen/analysis/hmac/applications/Griffin/Ref/hg38_centromeres.bed /projects/pangen/analysis/hmac/applications/Griffin/Ref/hg38_gaps.bed /projects/pangen/analysis/hmac/applications/Griffin/Ref/hg38_fix_patches.bed /projects/pangen/analysis/hmac/applications/Griffin/Ref/hg38_alternative_haplotypes.bed 		--step 15 		--CNA_normalization False 		--individual False 		--smoothing True 		--exclude_outliers True 		--exclude_zero_mappability True 		--number_of_sites none 		--sort_by none 		--ascending none 		--CPU 16 
        (one of the commands exited with non-zero exit code; note that snakemake uses bash strict mode!)
    cluster_jobid: Submitted batch job 18409346

Error executing rule merge_sites on cluster (jobid: 10, external: Submitted batch job 18409346, jobscript: /projects/pangen/analysis/hmac/applications/Griffin/snakemakes/griffin_nucleosome_profiling/.snakemake/tmp.t_vdv6dl/snakejob.merge_sites.10.sh). For error details see the cluster log and the log files of the involved rule(s).
Job failed, going on with independent jobs.

[Wed Oct 15 22:55:13 2025]
rule calc_cov:
    input: /projects/pangen/analysis/jtopham/samples/POG1135/frag/bams/POG1135-cfDNA.bam, /projects/pangen/analysis/hmac/applications/Griffin/snakemakes/griffin_GC_and_mappability_correction/results/GC_bias/POG1135.GC_bias.txt
    output: tmp/POG1135/tmp_bigWig/POG1135.uncorrected.bw, tmp/POG1135/tmp_bigWig/POG1135.GC_corrected.bw, tmp/POG1135/tmp_pybedtools
    jobid: 88
    wildcards: samples=POG1135

[Wed Oct 15 22:55:13 2025]
Error in rule merge_sites:
    jobid: 57
    output: /projects/pangen/analysis/hmac/applications/Griffin/snakemakes/griffin_nucleosome_profiling/results/POG1801/POG1801.uncorrected.coverage.tsv, /projects/pangen/analysis/hmac/applications/Griffin/snakemakes/griffin_nucleosome_profiling/results/POG1801/POG1801.GC_corrected.coverage.tsv, tmp/POG1801/tmp_pybedtools2
    shell:
        time /projects/pangen/analysis/hmac/applications/Griffin/scripts/griffin_merge_sites.py 		--sample_name POG1801 		--uncorrected_bw_path tmp/POG1801/tmp_bigWig/POG1801.uncorrected.bw 		--GC_corrected_bw_path tmp/POG1801/tmp_bigWig/POG1801.GC_corrected.bw 		--GC_map_corrected_bw_path none 		--mappability_correction False 		--tmp_dir tmp 		--results_dir /projects/pangen/analysis/hmac/applications/Griffin/snakemakes/griffin_nucleosome_profiling/results 		--mappability_bw /projects/pangen/analysis/hmac/applications/Griffin/Ref/k100.Umap.MultiTrackMappability.bw 		--chrom_sizes_path /projects/pangen/analysis/hmac/applications/Griffin/Ref/hg38.standard.chrom.sizes 		--sites_yaml /projects/pangen/analysis/hmac/applications/Griffin/snakemakes/griffin_nucleosome_profiling/config/sites.yaml 		--griffin_scripts /projects/pangen/analysis/hmac/applications/Griffin/scripts 		--chrom_column Chrom 		--position_column position 		--strand_column Strand 		--chroms chr1 chr2 chr3 chr4 chr5 chr6 chr7 chr8 chr9 chr10 chr11 chr12 chr13 chr14 chr15 chr16 chr17 chr18 chr19 chr20 chr21 chr22 		--norm_window -5000 5000 		--save_window -1000 1000 		--center_window -30 30 		--fft_window -960 960 		--fft_index 10 		--smoothing_length 165 		--exclude_paths /projects/pangen/analysis/hmac/applications/Griffin/Ref/encode_unified_GRCh38_exclusion_list.bed /projects/pangen/analysis/hmac/applications/Griffin/Ref/hg38_centromeres.bed /projects/pangen/analysis/hmac/applications/Griffin/Ref/hg38_gaps.bed /projects/pangen/analysis/hmac/applications/Griffin/Ref/hg38_fix_patches.bed /projects/pangen/analysis/hmac/applications/Griffin/Ref/hg38_alternative_haplotypes.bed 		--step 15 		--CNA_normalization False 		--individual False 		--smoothing True 		--exclude_outliers True 		--exclude_zero_mappability True 		--number_of_sites none 		--sort_by none 		--ascending none 		--CPU 16 
        (one of the commands exited with non-zero exit code; note that snakemake uses bash strict mode!)
    cluster_jobid: Submitted batch job 18409370

Error executing rule merge_sites on cluster (jobid: 57, external: Submitted batch job 18409370, jobscript: /projects/pangen/analysis/hmac/applications/Griffin/snakemakes/griffin_nucleosome_profiling/.snakemake/tmp.t_vdv6dl/snakejob.merge_sites.57.sh). For error details see the cluster log and the log files of the involved rule(s).
Job failed, going on with independent jobs.
Submitted job 88 with external jobid 'Submitted batch job 18413443'.

[Wed Oct 15 22:55:13 2025]
rule calc_cov:
    input: /projects/pangen/analysis/jtopham/samples/POG1279/frag/bams/POG1279-cfDNA.bam, /projects/pangen/analysis/hmac/applications/Griffin/snakemakes/griffin_GC_and_mappability_correction/results/GC_bias/POG1279.GC_bias.txt
    output: tmp/POG1279/tmp_bigWig/POG1279.uncorrected.bw, tmp/POG1279/tmp_bigWig/POG1279.GC_corrected.bw, tmp/POG1279/tmp_pybedtools
    jobid: 107
    wildcards: samples=POG1279

Submitted job 107 with external jobid 'Submitted batch job 18413444'.
[Wed Oct 15 22:55:13 2025]
Error in rule merge_sites:
    jobid: 1
    output: /projects/pangen/analysis/hmac/applications/Griffin/snakemakes/griffin_nucleosome_profiling/results/POG1145/POG1145.uncorrected.coverage.tsv, /projects/pangen/analysis/hmac/applications/Griffin/snakemakes/griffin_nucleosome_profiling/results/POG1145/POG1145.GC_corrected.coverage.tsv, tmp/POG1145/tmp_pybedtools2
    shell:
        time /projects/pangen/analysis/hmac/applications/Griffin/scripts/griffin_merge_sites.py 		--sample_name POG1145 		--uncorrected_bw_path tmp/POG1145/tmp_bigWig/POG1145.uncorrected.bw 		--GC_corrected_bw_path tmp/POG1145/tmp_bigWig/POG1145.GC_corrected.bw 		--GC_map_corrected_bw_path none 		--mappability_correction False 		--tmp_dir tmp 		--results_dir /projects/pangen/analysis/hmac/applications/Griffin/snakemakes/griffin_nucleosome_profiling/results 		--mappability_bw /projects/pangen/analysis/hmac/applications/Griffin/Ref/k100.Umap.MultiTrackMappability.bw 		--chrom_sizes_path /projects/pangen/analysis/hmac/applications/Griffin/Ref/hg38.standard.chrom.sizes 		--sites_yaml /projects/pangen/analysis/hmac/applications/Griffin/snakemakes/griffin_nucleosome_profiling/config/sites.yaml 		--griffin_scripts /projects/pangen/analysis/hmac/applications/Griffin/scripts 		--chrom_column Chrom 		--position_column position 		--strand_column Strand 		--chroms chr1 chr2 chr3 chr4 chr5 chr6 chr7 chr8 chr9 chr10 chr11 chr12 chr13 chr14 chr15 chr16 chr17 chr18 chr19 chr20 chr21 chr22 		--norm_window -5000 5000 		--save_window -1000 1000 		--center_window -30 30 		--fft_window -960 960 		--fft_index 10 		--smoothing_length 165 		--exclude_paths /projects/pangen/analysis/hmac/applications/Griffin/Ref/encode_unified_GRCh38_exclusion_list.bed /projects/pangen/analysis/hmac/applications/Griffin/Ref/hg38_centromeres.bed /projects/pangen/analysis/hmac/applications/Griffin/Ref/hg38_gaps.bed /projects/pangen/analysis/hmac/applications/Griffin/Ref/hg38_fix_patches.bed /projects/pangen/analysis/hmac/applications/Griffin/Ref/hg38_alternative_haplotypes.bed 		--step 15 		--CNA_normalization False 		--individual False 		--smoothing True 		--exclude_outliers True 		--exclude_zero_mappability True 		--number_of_sites none 		--sort_by none 		--ascending none 		--CPU 16 
        (one of the commands exited with non-zero exit code; note that snakemake uses bash strict mode!)
    cluster_jobid: Submitted batch job 18409371

Error executing rule merge_sites on cluster (jobid: 1, external: Submitted batch job 18409371, jobscript: /projects/pangen/analysis/hmac/applications/Griffin/snakemakes/griffin_nucleosome_profiling/.snakemake/tmp.t_vdv6dl/snakejob.merge_sites.1.sh). For error details see the cluster log and the log files of the involved rule(s).
Job failed, going on with independent jobs.
[Wed Oct 15 22:55:13 2025]
Error in rule merge_sites:
    jobid: 17
    output: /projects/pangen/analysis/hmac/applications/Griffin/snakemakes/griffin_nucleosome_profiling/results/POG966/POG966.uncorrected.coverage.tsv, /projects/pangen/analysis/hmac/applications/Griffin/snakemakes/griffin_nucleosome_profiling/results/POG966/POG966.GC_corrected.coverage.tsv, tmp/POG966/tmp_pybedtools2
    shell:
        time /projects/pangen/analysis/hmac/applications/Griffin/scripts/griffin_merge_sites.py 		--sample_name POG966 		--uncorrected_bw_path tmp/POG966/tmp_bigWig/POG966.uncorrected.bw 		--GC_corrected_bw_path tmp/POG966/tmp_bigWig/POG966.GC_corrected.bw 		--GC_map_corrected_bw_path none 		--mappability_correction False 		--tmp_dir tmp 		--results_dir /projects/pangen/analysis/hmac/applications/Griffin/snakemakes/griffin_nucleosome_profiling/results 		--mappability_bw /projects/pangen/analysis/hmac/applications/Griffin/Ref/k100.Umap.MultiTrackMappability.bw 		--chrom_sizes_path /projects/pangen/analysis/hmac/applications/Griffin/Ref/hg38.standard.chrom.sizes 		--sites_yaml /projects/pangen/analysis/hmac/applications/Griffin/snakemakes/griffin_nucleosome_profiling/config/sites.yaml 		--griffin_scripts /projects/pangen/analysis/hmac/applications/Griffin/scripts 		--chrom_column Chrom 		--position_column position 		--strand_column Strand 		--chroms chr1 chr2 chr3 chr4 chr5 chr6 chr7 chr8 chr9 chr10 chr11 chr12 chr13 chr14 chr15 chr16 chr17 chr18 chr19 chr20 chr21 chr22 		--norm_window -5000 5000 		--save_window -1000 1000 		--center_window -30 30 		--fft_window -960 960 		--fft_index 10 		--smoothing_length 165 		--exclude_paths /projects/pangen/analysis/hmac/applications/Griffin/Ref/encode_unified_GRCh38_exclusion_list.bed /projects/pangen/analysis/hmac/applications/Griffin/Ref/hg38_centromeres.bed /projects/pangen/analysis/hmac/applications/Griffin/Ref/hg38_gaps.bed /projects/pangen/analysis/hmac/applications/Griffin/Ref/hg38_fix_patches.bed /projects/pangen/analysis/hmac/applications/Griffin/Ref/hg38_alternative_haplotypes.bed 		--step 15 		--CNA_normalization False 		--individual False 		--smoothing True 		--exclude_outliers True 		--exclude_zero_mappability True 		--number_of_sites none 		--sort_by none 		--ascending none 		--CPU 16 
        (one of the commands exited with non-zero exit code; note that snakemake uses bash strict mode!)
    cluster_jobid: Submitted batch job 18409385

Error executing rule merge_sites on cluster (jobid: 17, external: Submitted batch job 18409385, jobscript: /projects/pangen/analysis/hmac/applications/Griffin/snakemakes/griffin_nucleosome_profiling/.snakemake/tmp.t_vdv6dl/snakejob.merge_sites.17.sh). For error details see the cluster log and the log files of the involved rule(s).
Job failed, going on with independent jobs.
[Wed Oct 15 22:55:13 2025]
Error in rule merge_sites:
    jobid: 29
    output: /projects/pangen/analysis/hmac/applications/Griffin/snakemakes/griffin_nucleosome_profiling/results/POG1725/POG1725.uncorrected.coverage.tsv, /projects/pangen/analysis/hmac/applications/Griffin/snakemakes/griffin_nucleosome_profiling/results/POG1725/POG1725.GC_corrected.coverage.tsv, tmp/POG1725/tmp_pybedtools2
    shell:
        time /projects/pangen/analysis/hmac/applications/Griffin/scripts/griffin_merge_sites.py 		--sample_name POG1725 		--uncorrected_bw_path tmp/POG1725/tmp_bigWig/POG1725.uncorrected.bw 		--GC_corrected_bw_path tmp/POG1725/tmp_bigWig/POG1725.GC_corrected.bw 		--GC_map_corrected_bw_path none 		--mappability_correction False 		--tmp_dir tmp 		--results_dir /projects/pangen/analysis/hmac/applications/Griffin/snakemakes/griffin_nucleosome_profiling/results 		--mappability_bw /projects/pangen/analysis/hmac/applications/Griffin/Ref/k100.Umap.MultiTrackMappability.bw 		--chrom_sizes_path /projects/pangen/analysis/hmac/applications/Griffin/Ref/hg38.standard.chrom.sizes 		--sites_yaml /projects/pangen/analysis/hmac/applications/Griffin/snakemakes/griffin_nucleosome_profiling/config/sites.yaml 		--griffin_scripts /projects/pangen/analysis/hmac/applications/Griffin/scripts 		--chrom_column Chrom 		--position_column position 		--strand_column Strand 		--chroms chr1 chr2 chr3 chr4 chr5 chr6 chr7 chr8 chr9 chr10 chr11 chr12 chr13 chr14 chr15 chr16 chr17 chr18 chr19 chr20 chr21 chr22 		--norm_window -5000 5000 		--save_window -1000 1000 		--center_window -30 30 		--fft_window -960 960 		--fft_index 10 		--smoothing_length 165 		--exclude_paths /projects/pangen/analysis/hmac/applications/Griffin/Ref/encode_unified_GRCh38_exclusion_list.bed /projects/pangen/analysis/hmac/applications/Griffin/Ref/hg38_centromeres.bed /projects/pangen/analysis/hmac/applications/Griffin/Ref/hg38_gaps.bed /projects/pangen/analysis/hmac/applications/Griffin/Ref/hg38_fix_patches.bed /projects/pangen/analysis/hmac/applications/Griffin/Ref/hg38_alternative_haplotypes.bed 		--step 15 		--CNA_normalization False 		--individual False 		--smoothing True 		--exclude_outliers True 		--exclude_zero_mappability True 		--number_of_sites none 		--sort_by none 		--ascending none 		--CPU 16 
        (one of the commands exited with non-zero exit code; note that snakemake uses bash strict mode!)
    cluster_jobid: Submitted batch job 18409386

Error executing rule merge_sites on cluster (jobid: 29, external: Submitted batch job 18409386, jobscript: /projects/pangen/analysis/hmac/applications/Griffin/snakemakes/griffin_nucleosome_profiling/.snakemake/tmp.t_vdv6dl/snakejob.merge_sites.29.sh). For error details see the cluster log and the log files of the involved rule(s).
Job failed, going on with independent jobs.
Removing temporary output file tmp/PAN042/tmp_pybedtools.
[Wed Oct 15 22:55:13 2025]
Finished job 128.
50 of 152 steps (33%) done

[Wed Oct 15 22:55:13 2025]
rule merge_sites:
    input: tmp/PAN042/tmp_bigWig/PAN042.uncorrected.bw, tmp/PAN042/tmp_bigWig/PAN042.GC_corrected.bw
    output: /projects/pangen/analysis/hmac/applications/Griffin/snakemakes/griffin_nucleosome_profiling/results/PAN042/PAN042.uncorrected.coverage.tsv, /projects/pangen/analysis/hmac/applications/Griffin/snakemakes/griffin_nucleosome_profiling/results/PAN042/PAN042.GC_corrected.coverage.tsv, tmp/PAN042/tmp_pybedtools2
    jobid: 52
    wildcards: samples=PAN042

Removing temporary output file tmp/POG1096/tmp_pybedtools.
[Wed Oct 15 22:55:13 2025]
Finished job 126.
51 of 152 steps (34%) done
Submitted job 52 with external jobid 'Submitted batch job 18413445'.

[Wed Oct 15 22:55:13 2025]
rule merge_sites:
    input: tmp/POG1096/tmp_bigWig/POG1096.uncorrected.bw, tmp/POG1096/tmp_bigWig/POG1096.GC_corrected.bw
    output: /projects/pangen/analysis/hmac/applications/Griffin/snakemakes/griffin_nucleosome_profiling/results/POG1096/POG1096.uncorrected.coverage.tsv, /projects/pangen/analysis/hmac/applications/Griffin/snakemakes/griffin_nucleosome_profiling/results/POG1096/POG1096.GC_corrected.coverage.tsv, tmp/POG1096/tmp_pybedtools2
    jobid: 50
    wildcards: samples=POG1096

Submitted job 50 with external jobid 'Submitted batch job 18413446'.
[Wed Oct 15 22:55:27 2025]
Error in rule merge_sites:
    jobid: 22
    output: /projects/pangen/analysis/hmac/applications/Griffin/snakemakes/griffin_nucleosome_profiling/results/POG1049/POG1049.uncorrected.coverage.tsv, /projects/pangen/analysis/hmac/applications/Griffin/snakemakes/griffin_nucleosome_profiling/results/POG1049/POG1049.GC_corrected.coverage.tsv, tmp/POG1049/tmp_pybedtools2
    shell:
        time /projects/pangen/analysis/hmac/applications/Griffin/scripts/griffin_merge_sites.py 		--sample_name POG1049 		--uncorrected_bw_path tmp/POG1049/tmp_bigWig/POG1049.uncorrected.bw 		--GC_corrected_bw_path tmp/POG1049/tmp_bigWig/POG1049.GC_corrected.bw 		--GC_map_corrected_bw_path none 		--mappability_correction False 		--tmp_dir tmp 		--results_dir /projects/pangen/analysis/hmac/applications/Griffin/snakemakes/griffin_nucleosome_profiling/results 		--mappability_bw /projects/pangen/analysis/hmac/applications/Griffin/Ref/k100.Umap.MultiTrackMappability.bw 		--chrom_sizes_path /projects/pangen/analysis/hmac/applications/Griffin/Ref/hg38.standard.chrom.sizes 		--sites_yaml /projects/pangen/analysis/hmac/applications/Griffin/snakemakes/griffin_nucleosome_profiling/config/sites.yaml 		--griffin_scripts /projects/pangen/analysis/hmac/applications/Griffin/scripts 		--chrom_column Chrom 		--position_column position 		--strand_column Strand 		--chroms chr1 chr2 chr3 chr4 chr5 chr6 chr7 chr8 chr9 chr10 chr11 chr12 chr13 chr14 chr15 chr16 chr17 chr18 chr19 chr20 chr21 chr22 		--norm_window -5000 5000 		--save_window -1000 1000 		--center_window -30 30 		--fft_window -960 960 		--fft_index 10 		--smoothing_length 165 		--exclude_paths /projects/pangen/analysis/hmac/applications/Griffin/Ref/encode_unified_GRCh38_exclusion_list.bed /projects/pangen/analysis/hmac/applications/Griffin/Ref/hg38_centromeres.bed /projects/pangen/analysis/hmac/applications/Griffin/Ref/hg38_gaps.bed /projects/pangen/analysis/hmac/applications/Griffin/Ref/hg38_fix_patches.bed /projects/pangen/analysis/hmac/applications/Griffin/Ref/hg38_alternative_haplotypes.bed 		--step 15 		--CNA_normalization False 		--individual False 		--smoothing True 		--exclude_outliers True 		--exclude_zero_mappability True 		--number_of_sites none 		--sort_by none 		--ascending none 		--CPU 16 
        (one of the commands exited with non-zero exit code; note that snakemake uses bash strict mode!)
    cluster_jobid: Submitted batch job 18409345

Error executing rule merge_sites on cluster (jobid: 22, external: Submitted batch job 18409345, jobscript: /projects/pangen/analysis/hmac/applications/Griffin/snakemakes/griffin_nucleosome_profiling/.snakemake/tmp.t_vdv6dl/snakejob.merge_sites.22.sh). For error details see the cluster log and the log files of the involved rule(s).
Job failed, going on with independent jobs.
[Wed Oct 15 22:55:27 2025]
Error in rule merge_sites:
    jobid: 35
    output: /projects/pangen/analysis/hmac/applications/Griffin/snakemakes/griffin_nucleosome_profiling/results/PAN067/PAN067.uncorrected.coverage.tsv, /projects/pangen/analysis/hmac/applications/Griffin/snakemakes/griffin_nucleosome_profiling/results/PAN067/PAN067.GC_corrected.coverage.tsv, tmp/PAN067/tmp_pybedtools2
    shell:
        time /projects/pangen/analysis/hmac/applications/Griffin/scripts/griffin_merge_sites.py 		--sample_name PAN067 		--uncorrected_bw_path tmp/PAN067/tmp_bigWig/PAN067.uncorrected.bw 		--GC_corrected_bw_path tmp/PAN067/tmp_bigWig/PAN067.GC_corrected.bw 		--GC_map_corrected_bw_path none 		--mappability_correction False 		--tmp_dir tmp 		--results_dir /projects/pangen/analysis/hmac/applications/Griffin/snakemakes/griffin_nucleosome_profiling/results 		--mappability_bw /projects/pangen/analysis/hmac/applications/Griffin/Ref/k100.Umap.MultiTrackMappability.bw 		--chrom_sizes_path /projects/pangen/analysis/hmac/applications/Griffin/Ref/hg38.standard.chrom.sizes 		--sites_yaml /projects/pangen/analysis/hmac/applications/Griffin/snakemakes/griffin_nucleosome_profiling/config/sites.yaml 		--griffin_scripts /projects/pangen/analysis/hmac/applications/Griffin/scripts 		--chrom_column Chrom 		--position_column position 		--strand_column Strand 		--chroms chr1 chr2 chr3 chr4 chr5 chr6 chr7 chr8 chr9 chr10 chr11 chr12 chr13 chr14 chr15 chr16 chr17 chr18 chr19 chr20 chr21 chr22 		--norm_window -5000 5000 		--save_window -1000 1000 		--center_window -30 30 		--fft_window -960 960 		--fft_index 10 		--smoothing_length 165 		--exclude_paths /projects/pangen/analysis/hmac/applications/Griffin/Ref/encode_unified_GRCh38_exclusion_list.bed /projects/pangen/analysis/hmac/applications/Griffin/Ref/hg38_centromeres.bed /projects/pangen/analysis/hmac/applications/Griffin/Ref/hg38_gaps.bed /projects/pangen/analysis/hmac/applications/Griffin/Ref/hg38_fix_patches.bed /projects/pangen/analysis/hmac/applications/Griffin/Ref/hg38_alternative_haplotypes.bed 		--step 15 		--CNA_normalization False 		--individual False 		--smoothing True 		--exclude_outliers True 		--exclude_zero_mappability True 		--number_of_sites none 		--sort_by none 		--ascending none 		--CPU 16 
        (one of the commands exited with non-zero exit code; note that snakemake uses bash strict mode!)
    cluster_jobid: Submitted batch job 18409384

Error executing rule merge_sites on cluster (jobid: 35, external: Submitted batch job 18409384, jobscript: /projects/pangen/analysis/hmac/applications/Griffin/snakemakes/griffin_nucleosome_profiling/.snakemake/tmp.t_vdv6dl/snakejob.merge_sites.35.sh). For error details see the cluster log and the log files of the involved rule(s).
Job failed, going on with independent jobs.
Removing temporary output file tmp/POG955/tmp_pybedtools.
[Wed Oct 15 22:56:05 2025]
Finished job 84.
52 of 152 steps (34%) done

[Wed Oct 15 22:56:05 2025]
rule merge_sites:
    input: tmp/POG955/tmp_bigWig/POG955.uncorrected.bw, tmp/POG955/tmp_bigWig/POG955.GC_corrected.bw
    output: /projects/pangen/analysis/hmac/applications/Griffin/snakemakes/griffin_nucleosome_profiling/results/POG955/POG955.uncorrected.coverage.tsv, /projects/pangen/analysis/hmac/applications/Griffin/snakemakes/griffin_nucleosome_profiling/results/POG955/POG955.GC_corrected.coverage.tsv, tmp/POG955/tmp_pybedtools2
    jobid: 8
    wildcards: samples=POG955

Submitted job 8 with external jobid 'Submitted batch job 18413449'.
Removing temporary output file tmp/POG811/tmp_pybedtools.
[Wed Oct 15 23:00:11 2025]
Finished job 113.
53 of 152 steps (35%) done

[Wed Oct 15 23:00:11 2025]
rule merge_sites:
    input: tmp/POG811/tmp_bigWig/POG811.uncorrected.bw, tmp/POG811/tmp_bigWig/POG811.GC_corrected.bw
    output: /projects/pangen/analysis/hmac/applications/Griffin/snakemakes/griffin_nucleosome_profiling/results/POG811/POG811.uncorrected.coverage.tsv, /projects/pangen/analysis/hmac/applications/Griffin/snakemakes/griffin_nucleosome_profiling/results/POG811/POG811.GC_corrected.coverage.tsv, tmp/POG811/tmp_pybedtools2
    jobid: 37
    wildcards: samples=POG811

Removing temporary output file tmp/POG1067/tmp_pybedtools.
[Wed Oct 15 23:00:11 2025]
Finished job 125.
54 of 152 steps (36%) done
Submitted job 37 with external jobid 'Submitted batch job 18413863'.
Removing temporary output file tmp/POG1391/tmp_pybedtools.
[Wed Oct 15 23:00:11 2025]
Finished job 102.
55 of 152 steps (36%) done

[Wed Oct 15 23:00:11 2025]
rule merge_sites:
    input: tmp/POG1067/tmp_bigWig/POG1067.uncorrected.bw, tmp/POG1067/tmp_bigWig/POG1067.GC_corrected.bw
    output: /projects/pangen/analysis/hmac/applications/Griffin/snakemakes/griffin_nucleosome_profiling/results/POG1067/POG1067.uncorrected.coverage.tsv, /projects/pangen/analysis/hmac/applications/Griffin/snakemakes/griffin_nucleosome_profiling/results/POG1067/POG1067.GC_corrected.coverage.tsv, tmp/POG1067/tmp_pybedtools2
    jobid: 49
    wildcards: samples=POG1067

Removing temporary output file tmp/PAN081/tmp_pybedtools.
[Wed Oct 15 23:00:12 2025]
Finished job 91.
56 of 152 steps (37%) done
Submitted job 49 with external jobid 'Submitted batch job 18413864'.

[Wed Oct 15 23:00:12 2025]
rule merge_sites:
    input: tmp/POG1391/tmp_bigWig/POG1391.uncorrected.bw, tmp/POG1391/tmp_bigWig/POG1391.GC_corrected.bw
    output: /projects/pangen/analysis/hmac/applications/Griffin/snakemakes/griffin_nucleosome_profiling/results/POG1391/POG1391.uncorrected.coverage.tsv, /projects/pangen/analysis/hmac/applications/Griffin/snakemakes/griffin_nucleosome_profiling/results/POG1391/POG1391.GC_corrected.coverage.tsv, tmp/POG1391/tmp_pybedtools2
    jobid: 26
    wildcards: samples=POG1391

Removing temporary output file tmp/POG1020/tmp_pybedtools.
[Wed Oct 15 23:00:12 2025]
Finished job 85.
57 of 152 steps (38%) done
Submitted job 26 with external jobid 'Submitted batch job 18413865'.
Removing temporary output file tmp/POG1000/tmp_pybedtools.
[Wed Oct 15 23:00:12 2025]
Finished job 94.
58 of 152 steps (38%) done

[Wed Oct 15 23:00:12 2025]
rule merge_sites:
    input: tmp/POG1020/tmp_bigWig/POG1020.uncorrected.bw, tmp/POG1020/tmp_bigWig/POG1020.GC_corrected.bw
    output: /projects/pangen/analysis/hmac/applications/Griffin/snakemakes/griffin_nucleosome_profiling/results/POG1020/POG1020.uncorrected.coverage.tsv, /projects/pangen/analysis/hmac/applications/Griffin/snakemakes/griffin_nucleosome_profiling/results/POG1020/POG1020.GC_corrected.coverage.tsv, tmp/POG1020/tmp_pybedtools2
    jobid: 9
    wildcards: samples=POG1020

Removing temporary output file tmp/POG1147/tmp_pybedtools.
[Wed Oct 15 23:00:12 2025]
Finished job 151.
59 of 152 steps (39%) done
Submitted job 9 with external jobid 'Submitted batch job 18413866'.

[Wed Oct 15 23:00:12 2025]
rule merge_sites:
    input: tmp/PAN081/tmp_bigWig/PAN081.uncorrected.bw, tmp/PAN081/tmp_bigWig/PAN081.GC_corrected.bw
    output: /projects/pangen/analysis/hmac/applications/Griffin/snakemakes/griffin_nucleosome_profiling/results/PAN081/PAN081.uncorrected.coverage.tsv, /projects/pangen/analysis/hmac/applications/Griffin/snakemakes/griffin_nucleosome_profiling/results/PAN081/PAN081.GC_corrected.coverage.tsv, tmp/PAN081/tmp_pybedtools2
    jobid: 15
    wildcards: samples=PAN081

Submitted job 15 with external jobid 'Submitted batch job 18413867'.

[Wed Oct 15 23:00:12 2025]
rule merge_sites:
    input: tmp/POG1000/tmp_bigWig/POG1000.uncorrected.bw, tmp/POG1000/tmp_bigWig/POG1000.GC_corrected.bw
    output: /projects/pangen/analysis/hmac/applications/Griffin/snakemakes/griffin_nucleosome_profiling/results/POG1000/POG1000.uncorrected.coverage.tsv, /projects/pangen/analysis/hmac/applications/Griffin/snakemakes/griffin_nucleosome_profiling/results/POG1000/POG1000.GC_corrected.coverage.tsv, tmp/POG1000/tmp_pybedtools2
    jobid: 18
    wildcards: samples=POG1000

Submitted job 18 with external jobid 'Submitted batch job 18413868'.

[Wed Oct 15 23:00:12 2025]
rule merge_sites:
    input: tmp/POG1147/tmp_bigWig/POG1147.uncorrected.bw, tmp/POG1147/tmp_bigWig/POG1147.GC_corrected.bw
    output: /projects/pangen/analysis/hmac/applications/Griffin/snakemakes/griffin_nucleosome_profiling/results/POG1147/POG1147.uncorrected.coverage.tsv, /projects/pangen/analysis/hmac/applications/Griffin/snakemakes/griffin_nucleosome_profiling/results/POG1147/POG1147.GC_corrected.coverage.tsv, tmp/POG1147/tmp_pybedtools2
    jobid: 75
    wildcards: samples=POG1147

Submitted job 75 with external jobid 'Submitted batch job 18413869'.
Removing temporary output file tmp/POG878/tmp_pybedtools.
[Wed Oct 15 23:00:12 2025]
Finished job 95.
60 of 152 steps (39%) done

[Wed Oct 15 23:00:12 2025]
rule merge_sites:
    input: tmp/POG878/tmp_bigWig/POG878.uncorrected.bw, tmp/POG878/tmp_bigWig/POG878.GC_corrected.bw
    output: /projects/pangen/analysis/hmac/applications/Griffin/snakemakes/griffin_nucleosome_profiling/results/POG878/POG878.uncorrected.coverage.tsv, /projects/pangen/analysis/hmac/applications/Griffin/snakemakes/griffin_nucleosome_profiling/results/POG878/POG878.GC_corrected.coverage.tsv, tmp/POG878/tmp_pybedtools2
    jobid: 19
    wildcards: samples=POG878

Removing temporary output file tmp/POG1195/tmp_pybedtools.
[Wed Oct 15 23:00:12 2025]
Finished job 147.
61 of 152 steps (40%) done
Submitted job 19 with external jobid 'Submitted batch job 18413870'.
Removing temporary output file tmp/POG1713/tmp_pybedtools.
[Wed Oct 15 23:00:12 2025]
Finished job 150.
62 of 152 steps (41%) done

[Wed Oct 15 23:00:12 2025]
rule merge_sites:
    input: tmp/POG1713/tmp_bigWig/POG1713.uncorrected.bw, tmp/POG1713/tmp_bigWig/POG1713.GC_corrected.bw
    output: /projects/pangen/analysis/hmac/applications/Griffin/snakemakes/griffin_nucleosome_profiling/results/POG1713/POG1713.uncorrected.coverage.tsv, /projects/pangen/analysis/hmac/applications/Griffin/snakemakes/griffin_nucleosome_profiling/results/POG1713/POG1713.GC_corrected.coverage.tsv, tmp/POG1713/tmp_pybedtools2
    jobid: 74
    wildcards: samples=POG1713

Removing temporary output file tmp/POG914/tmp_pybedtools.
Submitted job 74 with external jobid 'Submitted batch job 18413871'.
[Wed Oct 15 23:00:13 2025]
Finished job 109.
63 of 152 steps (41%) done

[Wed Oct 15 23:00:13 2025]
rule merge_sites:
    input: tmp/POG1195/tmp_bigWig/POG1195.uncorrected.bw, tmp/POG1195/tmp_bigWig/POG1195.GC_corrected.bw
    output: /projects/pangen/analysis/hmac/applications/Griffin/snakemakes/griffin_nucleosome_profiling/results/POG1195/POG1195.uncorrected.coverage.tsv, /projects/pangen/analysis/hmac/applications/Griffin/snakemakes/griffin_nucleosome_profiling/results/POG1195/POG1195.GC_corrected.coverage.tsv, tmp/POG1195/tmp_pybedtools2
    jobid: 71
    wildcards: samples=POG1195

Removing temporary output file tmp/POG798/tmp_pybedtools.
[Wed Oct 15 23:00:13 2025]
Finished job 136.
64 of 152 steps (42%) done
Submitted job 71 with external jobid 'Submitted batch job 18413872'.
Removing temporary output file tmp/POG1181/tmp_pybedtools.
[Wed Oct 15 23:00:13 2025]
Finished job 135.
65 of 152 steps (43%) done

[Wed Oct 15 23:00:13 2025]
rule merge_sites:
    input: tmp/POG914/tmp_bigWig/POG914.uncorrected.bw, tmp/POG914/tmp_bigWig/POG914.GC_corrected.bw
    output: /projects/pangen/analysis/hmac/applications/Griffin/snakemakes/griffin_nucleosome_profiling/results/POG914/POG914.uncorrected.coverage.tsv, /projects/pangen/analysis/hmac/applications/Griffin/snakemakes/griffin_nucleosome_profiling/results/POG914/POG914.GC_corrected.coverage.tsv, tmp/POG914/tmp_pybedtools2
    jobid: 33
    wildcards: samples=POG914

Removing temporary output file tmp/PAN047/tmp_pybedtools.
[Wed Oct 15 23:00:13 2025]
Finished job 108.
66 of 152 steps (43%) done
Submitted job 33 with external jobid 'Submitted batch job 18413873'.

[Wed Oct 15 23:00:13 2025]
rule merge_sites:
    input: tmp/POG798/tmp_bigWig/POG798.uncorrected.bw, tmp/POG798/tmp_bigWig/POG798.GC_corrected.bw
    output: /projects/pangen/analysis/hmac/applications/Griffin/snakemakes/griffin_nucleosome_profiling/results/POG798/POG798.uncorrected.coverage.tsv, /projects/pangen/analysis/hmac/applications/Griffin/snakemakes/griffin_nucleosome_profiling/results/POG798/POG798.GC_corrected.coverage.tsv, tmp/POG798/tmp_pybedtools2
    jobid: 60
    wildcards: samples=POG798

Removing temporary output file tmp/POG793/tmp_pybedtools.
[Wed Oct 15 23:00:13 2025]
Finished job 78.
67 of 152 steps (44%) done
Submitted job 60 with external jobid 'Submitted batch job 18413874'.

[Wed Oct 15 23:00:13 2025]
rule merge_sites:
    input: tmp/POG1181/tmp_bigWig/POG1181.uncorrected.bw, tmp/POG1181/tmp_bigWig/POG1181.GC_corrected.bw
    output: /projects/pangen/analysis/hmac/applications/Griffin/snakemakes/griffin_nucleosome_profiling/results/POG1181/POG1181.uncorrected.coverage.tsv, /projects/pangen/analysis/hmac/applications/Griffin/snakemakes/griffin_nucleosome_profiling/results/POG1181/POG1181.GC_corrected.coverage.tsv, tmp/POG1181/tmp_pybedtools2
    jobid: 59
    wildcards: samples=POG1181

Submitted job 59 with external jobid 'Submitted batch job 18413875'.

[Wed Oct 15 23:00:13 2025]
rule merge_sites:
    input: tmp/POG793/tmp_bigWig/POG793.uncorrected.bw, tmp/POG793/tmp_bigWig/POG793.GC_corrected.bw
    output: /projects/pangen/analysis/hmac/applications/Griffin/snakemakes/griffin_nucleosome_profiling/results/POG793/POG793.uncorrected.coverage.tsv, /projects/pangen/analysis/hmac/applications/Griffin/snakemakes/griffin_nucleosome_profiling/results/POG793/POG793.GC_corrected.coverage.tsv, tmp/POG793/tmp_pybedtools2
    jobid: 2
    wildcards: samples=POG793

Submitted job 2 with external jobid 'Submitted batch job 18413876'.

[Wed Oct 15 23:00:13 2025]
rule merge_sites:
    input: tmp/PAN047/tmp_bigWig/PAN047.uncorrected.bw, tmp/PAN047/tmp_bigWig/PAN047.GC_corrected.bw
    output: /projects/pangen/analysis/hmac/applications/Griffin/snakemakes/griffin_nucleosome_profiling/results/PAN047/PAN047.uncorrected.coverage.tsv, /projects/pangen/analysis/hmac/applications/Griffin/snakemakes/griffin_nucleosome_profiling/results/PAN047/PAN047.GC_corrected.coverage.tsv, tmp/PAN047/tmp_pybedtools2
    jobid: 32
    wildcards: samples=PAN047

Submitted job 32 with external jobid 'Submitted batch job 18413877'.
Removing temporary output file tmp/POG1146/tmp_pybedtools.
[Wed Oct 15 23:00:13 2025]
Finished job 143.
68 of 152 steps (45%) done

[Wed Oct 15 23:00:13 2025]
rule merge_sites:
    input: tmp/POG1146/tmp_bigWig/POG1146.uncorrected.bw, tmp/POG1146/tmp_bigWig/POG1146.GC_corrected.bw
    output: /projects/pangen/analysis/hmac/applications/Griffin/snakemakes/griffin_nucleosome_profiling/results/POG1146/POG1146.uncorrected.coverage.tsv, /projects/pangen/analysis/hmac/applications/Griffin/snakemakes/griffin_nucleosome_profiling/results/POG1146/POG1146.GC_corrected.coverage.tsv, tmp/POG1146/tmp_pybedtools2
    jobid: 67
    wildcards: samples=POG1146

Removing temporary output file tmp/POG1003/tmp_pybedtools.
[Wed Oct 15 23:00:13 2025]
Finished job 127.
69 of 152 steps (45%) done
Submitted job 67 with external jobid 'Submitted batch job 18413878'.

[Wed Oct 15 23:00:14 2025]
rule merge_sites:
    input: tmp/POG1003/tmp_bigWig/POG1003.uncorrected.bw, tmp/POG1003/tmp_bigWig/POG1003.GC_corrected.bw
    output: /projects/pangen/analysis/hmac/applications/Griffin/snakemakes/griffin_nucleosome_profiling/results/POG1003/POG1003.uncorrected.coverage.tsv, /projects/pangen/analysis/hmac/applications/Griffin/snakemakes/griffin_nucleosome_profiling/results/POG1003/POG1003.GC_corrected.coverage.tsv, tmp/POG1003/tmp_pybedtools2
    jobid: 51
    wildcards: samples=POG1003

Submitted job 51 with external jobid 'Submitted batch job 18413879'.
[Wed Oct 15 23:05:50 2025]
Error in rule merge_sites:
    jobid: 7
    output: /projects/pangen/analysis/hmac/applications/Griffin/snakemakes/griffin_nucleosome_profiling/results/POG1057/POG1057.uncorrected.coverage.tsv, /projects/pangen/analysis/hmac/applications/Griffin/snakemakes/griffin_nucleosome_profiling/results/POG1057/POG1057.GC_corrected.coverage.tsv, tmp/POG1057/tmp_pybedtools2
    shell:
        time /projects/pangen/analysis/hmac/applications/Griffin/scripts/griffin_merge_sites.py 		--sample_name POG1057 		--uncorrected_bw_path tmp/POG1057/tmp_bigWig/POG1057.uncorrected.bw 		--GC_corrected_bw_path tmp/POG1057/tmp_bigWig/POG1057.GC_corrected.bw 		--GC_map_corrected_bw_path none 		--mappability_correction False 		--tmp_dir tmp 		--results_dir /projects/pangen/analysis/hmac/applications/Griffin/snakemakes/griffin_nucleosome_profiling/results 		--mappability_bw /projects/pangen/analysis/hmac/applications/Griffin/Ref/k100.Umap.MultiTrackMappability.bw 		--chrom_sizes_path /projects/pangen/analysis/hmac/applications/Griffin/Ref/hg38.standard.chrom.sizes 		--sites_yaml /projects/pangen/analysis/hmac/applications/Griffin/snakemakes/griffin_nucleosome_profiling/config/sites.yaml 		--griffin_scripts /projects/pangen/analysis/hmac/applications/Griffin/scripts 		--chrom_column Chrom 		--position_column position 		--strand_column Strand 		--chroms chr1 chr2 chr3 chr4 chr5 chr6 chr7 chr8 chr9 chr10 chr11 chr12 chr13 chr14 chr15 chr16 chr17 chr18 chr19 chr20 chr21 chr22 		--norm_window -5000 5000 		--save_window -1000 1000 		--center_window -30 30 		--fft_window -960 960 		--fft_index 10 		--smoothing_length 165 		--exclude_paths /projects/pangen/analysis/hmac/applications/Griffin/Ref/encode_unified_GRCh38_exclusion_list.bed /projects/pangen/analysis/hmac/applications/Griffin/Ref/hg38_centromeres.bed /projects/pangen/analysis/hmac/applications/Griffin/Ref/hg38_gaps.bed /projects/pangen/analysis/hmac/applications/Griffin/Ref/hg38_fix_patches.bed /projects/pangen/analysis/hmac/applications/Griffin/Ref/hg38_alternative_haplotypes.bed 		--step 15 		--CNA_normalization False 		--individual False 		--smoothing True 		--exclude_outliers True 		--exclude_zero_mappability True 		--number_of_sites none 		--sort_by none 		--ascending none 		--CPU 16 
        (one of the commands exited with non-zero exit code; note that snakemake uses bash strict mode!)
    cluster_jobid: Submitted batch job 18413433

Error executing rule merge_sites on cluster (jobid: 7, external: Submitted batch job 18413433, jobscript: /projects/pangen/analysis/hmac/applications/Griffin/snakemakes/griffin_nucleosome_profiling/.snakemake/tmp.t_vdv6dl/snakejob.merge_sites.7.sh). For error details see the cluster log and the log files of the involved rule(s).
Job failed, going on with independent jobs.
[Wed Oct 15 23:05:50 2025]
Error in rule merge_sites:
    jobid: 21
    output: /projects/pangen/analysis/hmac/applications/Griffin/snakemakes/griffin_nucleosome_profiling/results/POG949/POG949.uncorrected.coverage.tsv, /projects/pangen/analysis/hmac/applications/Griffin/snakemakes/griffin_nucleosome_profiling/results/POG949/POG949.GC_corrected.coverage.tsv, tmp/POG949/tmp_pybedtools2
    shell:
        time /projects/pangen/analysis/hmac/applications/Griffin/scripts/griffin_merge_sites.py 		--sample_name POG949 		--uncorrected_bw_path tmp/POG949/tmp_bigWig/POG949.uncorrected.bw 		--GC_corrected_bw_path tmp/POG949/tmp_bigWig/POG949.GC_corrected.bw 		--GC_map_corrected_bw_path none 		--mappability_correction False 		--tmp_dir tmp 		--results_dir /projects/pangen/analysis/hmac/applications/Griffin/snakemakes/griffin_nucleosome_profiling/results 		--mappability_bw /projects/pangen/analysis/hmac/applications/Griffin/Ref/k100.Umap.MultiTrackMappability.bw 		--chrom_sizes_path /projects/pangen/analysis/hmac/applications/Griffin/Ref/hg38.standard.chrom.sizes 		--sites_yaml /projects/pangen/analysis/hmac/applications/Griffin/snakemakes/griffin_nucleosome_profiling/config/sites.yaml 		--griffin_scripts /projects/pangen/analysis/hmac/applications/Griffin/scripts 		--chrom_column Chrom 		--position_column position 		--strand_column Strand 		--chroms chr1 chr2 chr3 chr4 chr5 chr6 chr7 chr8 chr9 chr10 chr11 chr12 chr13 chr14 chr15 chr16 chr17 chr18 chr19 chr20 chr21 chr22 		--norm_window -5000 5000 		--save_window -1000 1000 		--center_window -30 30 		--fft_window -960 960 		--fft_index 10 		--smoothing_length 165 		--exclude_paths /projects/pangen/analysis/hmac/applications/Griffin/Ref/encode_unified_GRCh38_exclusion_list.bed /projects/pangen/analysis/hmac/applications/Griffin/Ref/hg38_centromeres.bed /projects/pangen/analysis/hmac/applications/Griffin/Ref/hg38_gaps.bed /projects/pangen/analysis/hmac/applications/Griffin/Ref/hg38_fix_patches.bed /projects/pangen/analysis/hmac/applications/Griffin/Ref/hg38_alternative_haplotypes.bed 		--step 15 		--CNA_normalization False 		--individual False 		--smoothing True 		--exclude_outliers True 		--exclude_zero_mappability True 		--number_of_sites none 		--sort_by none 		--ascending none 		--CPU 16 
        (one of the commands exited with non-zero exit code; note that snakemake uses bash strict mode!)
    cluster_jobid: Submitted batch job 18413434

Error executing rule merge_sites on cluster (jobid: 21, external: Submitted batch job 18413434, jobscript: /projects/pangen/analysis/hmac/applications/Griffin/snakemakes/griffin_nucleosome_profiling/.snakemake/tmp.t_vdv6dl/snakejob.merge_sites.21.sh). For error details see the cluster log and the log files of the involved rule(s).
Job failed, going on with independent jobs.
[Wed Oct 15 23:05:50 2025]
Error in rule merge_sites:
    jobid: 42
    output: /projects/pangen/analysis/hmac/applications/Griffin/snakemakes/griffin_nucleosome_profiling/results/POG710/POG710.uncorrected.coverage.tsv, /projects/pangen/analysis/hmac/applications/Griffin/snakemakes/griffin_nucleosome_profiling/results/POG710/POG710.GC_corrected.coverage.tsv, tmp/POG710/tmp_pybedtools2
    shell:
        time /projects/pangen/analysis/hmac/applications/Griffin/scripts/griffin_merge_sites.py 		--sample_name POG710 		--uncorrected_bw_path tmp/POG710/tmp_bigWig/POG710.uncorrected.bw 		--GC_corrected_bw_path tmp/POG710/tmp_bigWig/POG710.GC_corrected.bw 		--GC_map_corrected_bw_path none 		--mappability_correction False 		--tmp_dir tmp 		--results_dir /projects/pangen/analysis/hmac/applications/Griffin/snakemakes/griffin_nucleosome_profiling/results 		--mappability_bw /projects/pangen/analysis/hmac/applications/Griffin/Ref/k100.Umap.MultiTrackMappability.bw 		--chrom_sizes_path /projects/pangen/analysis/hmac/applications/Griffin/Ref/hg38.standard.chrom.sizes 		--sites_yaml /projects/pangen/analysis/hmac/applications/Griffin/snakemakes/griffin_nucleosome_profiling/config/sites.yaml 		--griffin_scripts /projects/pangen/analysis/hmac/applications/Griffin/scripts 		--chrom_column Chrom 		--position_column position 		--strand_column Strand 		--chroms chr1 chr2 chr3 chr4 chr5 chr6 chr7 chr8 chr9 chr10 chr11 chr12 chr13 chr14 chr15 chr16 chr17 chr18 chr19 chr20 chr21 chr22 		--norm_window -5000 5000 		--save_window -1000 1000 		--center_window -30 30 		--fft_window -960 960 		--fft_index 10 		--smoothing_length 165 		--exclude_paths /projects/pangen/analysis/hmac/applications/Griffin/Ref/encode_unified_GRCh38_exclusion_list.bed /projects/pangen/analysis/hmac/applications/Griffin/Ref/hg38_centromeres.bed /projects/pangen/analysis/hmac/applications/Griffin/Ref/hg38_gaps.bed /projects/pangen/analysis/hmac/applications/Griffin/Ref/hg38_fix_patches.bed /projects/pangen/analysis/hmac/applications/Griffin/Ref/hg38_alternative_haplotypes.bed 		--step 15 		--CNA_normalization False 		--individual False 		--smoothing True 		--exclude_outliers True 		--exclude_zero_mappability True 		--number_of_sites none 		--sort_by none 		--ascending none 		--CPU 16 
        (one of the commands exited with non-zero exit code; note that snakemake uses bash strict mode!)
    cluster_jobid: Submitted batch job 18413435

Error executing rule merge_sites on cluster (jobid: 42, external: Submitted batch job 18413435, jobscript: /projects/pangen/analysis/hmac/applications/Griffin/snakemakes/griffin_nucleosome_profiling/.snakemake/tmp.t_vdv6dl/snakejob.merge_sites.42.sh). For error details see the cluster log and the log files of the involved rule(s).
Job failed, going on with independent jobs.
[Wed Oct 15 23:05:50 2025]
Error in rule merge_sites:
    jobid: 4
    output: /projects/pangen/analysis/hmac/applications/Griffin/snakemakes/griffin_nucleosome_profiling/results/POG1009/POG1009.uncorrected.coverage.tsv, /projects/pangen/analysis/hmac/applications/Griffin/snakemakes/griffin_nucleosome_profiling/results/POG1009/POG1009.GC_corrected.coverage.tsv, tmp/POG1009/tmp_pybedtools2
    shell:
        time /projects/pangen/analysis/hmac/applications/Griffin/scripts/griffin_merge_sites.py 		--sample_name POG1009 		--uncorrected_bw_path tmp/POG1009/tmp_bigWig/POG1009.uncorrected.bw 		--GC_corrected_bw_path tmp/POG1009/tmp_bigWig/POG1009.GC_corrected.bw 		--GC_map_corrected_bw_path none 		--mappability_correction False 		--tmp_dir tmp 		--results_dir /projects/pangen/analysis/hmac/applications/Griffin/snakemakes/griffin_nucleosome_profiling/results 		--mappability_bw /projects/pangen/analysis/hmac/applications/Griffin/Ref/k100.Umap.MultiTrackMappability.bw 		--chrom_sizes_path /projects/pangen/analysis/hmac/applications/Griffin/Ref/hg38.standard.chrom.sizes 		--sites_yaml /projects/pangen/analysis/hmac/applications/Griffin/snakemakes/griffin_nucleosome_profiling/config/sites.yaml 		--griffin_scripts /projects/pangen/analysis/hmac/applications/Griffin/scripts 		--chrom_column Chrom 		--position_column position 		--strand_column Strand 		--chroms chr1 chr2 chr3 chr4 chr5 chr6 chr7 chr8 chr9 chr10 chr11 chr12 chr13 chr14 chr15 chr16 chr17 chr18 chr19 chr20 chr21 chr22 		--norm_window -5000 5000 		--save_window -1000 1000 		--center_window -30 30 		--fft_window -960 960 		--fft_index 10 		--smoothing_length 165 		--exclude_paths /projects/pangen/analysis/hmac/applications/Griffin/Ref/encode_unified_GRCh38_exclusion_list.bed /projects/pangen/analysis/hmac/applications/Griffin/Ref/hg38_centromeres.bed /projects/pangen/analysis/hmac/applications/Griffin/Ref/hg38_gaps.bed /projects/pangen/analysis/hmac/applications/Griffin/Ref/hg38_fix_patches.bed /projects/pangen/analysis/hmac/applications/Griffin/Ref/hg38_alternative_haplotypes.bed 		--step 15 		--CNA_normalization False 		--individual False 		--smoothing True 		--exclude_outliers True 		--exclude_zero_mappability True 		--number_of_sites none 		--sort_by none 		--ascending none 		--CPU 16 
        (one of the commands exited with non-zero exit code; note that snakemake uses bash strict mode!)
    cluster_jobid: Submitted batch job 18413436

Error executing rule merge_sites on cluster (jobid: 4, external: Submitted batch job 18413436, jobscript: /projects/pangen/analysis/hmac/applications/Griffin/snakemakes/griffin_nucleosome_profiling/.snakemake/tmp.t_vdv6dl/snakejob.merge_sites.4.sh). For error details see the cluster log and the log files of the involved rule(s).
Job failed, going on with independent jobs.
[Wed Oct 15 23:05:51 2025]
Error in rule merge_sites:
    jobid: 46
    output: /projects/pangen/analysis/hmac/applications/Griffin/snakemakes/griffin_nucleosome_profiling/results/POG920/POG920.uncorrected.coverage.tsv, /projects/pangen/analysis/hmac/applications/Griffin/snakemakes/griffin_nucleosome_profiling/results/POG920/POG920.GC_corrected.coverage.tsv, tmp/POG920/tmp_pybedtools2
    shell:
        time /projects/pangen/analysis/hmac/applications/Griffin/scripts/griffin_merge_sites.py 		--sample_name POG920 		--uncorrected_bw_path tmp/POG920/tmp_bigWig/POG920.uncorrected.bw 		--GC_corrected_bw_path tmp/POG920/tmp_bigWig/POG920.GC_corrected.bw 		--GC_map_corrected_bw_path none 		--mappability_correction False 		--tmp_dir tmp 		--results_dir /projects/pangen/analysis/hmac/applications/Griffin/snakemakes/griffin_nucleosome_profiling/results 		--mappability_bw /projects/pangen/analysis/hmac/applications/Griffin/Ref/k100.Umap.MultiTrackMappability.bw 		--chrom_sizes_path /projects/pangen/analysis/hmac/applications/Griffin/Ref/hg38.standard.chrom.sizes 		--sites_yaml /projects/pangen/analysis/hmac/applications/Griffin/snakemakes/griffin_nucleosome_profiling/config/sites.yaml 		--griffin_scripts /projects/pangen/analysis/hmac/applications/Griffin/scripts 		--chrom_column Chrom 		--position_column position 		--strand_column Strand 		--chroms chr1 chr2 chr3 chr4 chr5 chr6 chr7 chr8 chr9 chr10 chr11 chr12 chr13 chr14 chr15 chr16 chr17 chr18 chr19 chr20 chr21 chr22 		--norm_window -5000 5000 		--save_window -1000 1000 		--center_window -30 30 		--fft_window -960 960 		--fft_index 10 		--smoothing_length 165 		--exclude_paths /projects/pangen/analysis/hmac/applications/Griffin/Ref/encode_unified_GRCh38_exclusion_list.bed /projects/pangen/analysis/hmac/applications/Griffin/Ref/hg38_centromeres.bed /projects/pangen/analysis/hmac/applications/Griffin/Ref/hg38_gaps.bed /projects/pangen/analysis/hmac/applications/Griffin/Ref/hg38_fix_patches.bed /projects/pangen/analysis/hmac/applications/Griffin/Ref/hg38_alternative_haplotypes.bed 		--step 15 		--CNA_normalization False 		--individual False 		--smoothing True 		--exclude_outliers True 		--exclude_zero_mappability True 		--number_of_sites none 		--sort_by none 		--ascending none 		--CPU 16 
        (one of the commands exited with non-zero exit code; note that snakemake uses bash strict mode!)
    cluster_jobid: Submitted batch job 18413437

Error executing rule merge_sites on cluster (jobid: 46, external: Submitted batch job 18413437, jobscript: /projects/pangen/analysis/hmac/applications/Griffin/snakemakes/griffin_nucleosome_profiling/.snakemake/tmp.t_vdv6dl/snakejob.merge_sites.46.sh). For error details see the cluster log and the log files of the involved rule(s).
Job failed, going on with independent jobs.
[Wed Oct 15 23:05:51 2025]
Error in rule merge_sites:
    jobid: 11
    output: /projects/pangen/analysis/hmac/applications/Griffin/snakemakes/griffin_nucleosome_profiling/results/POG1764/POG1764.uncorrected.coverage.tsv, /projects/pangen/analysis/hmac/applications/Griffin/snakemakes/griffin_nucleosome_profiling/results/POG1764/POG1764.GC_corrected.coverage.tsv, tmp/POG1764/tmp_pybedtools2
    shell:
        time /projects/pangen/analysis/hmac/applications/Griffin/scripts/griffin_merge_sites.py 		--sample_name POG1764 		--uncorrected_bw_path tmp/POG1764/tmp_bigWig/POG1764.uncorrected.bw 		--GC_corrected_bw_path tmp/POG1764/tmp_bigWig/POG1764.GC_corrected.bw 		--GC_map_corrected_bw_path none 		--mappability_correction False 		--tmp_dir tmp 		--results_dir /projects/pangen/analysis/hmac/applications/Griffin/snakemakes/griffin_nucleosome_profiling/results 		--mappability_bw /projects/pangen/analysis/hmac/applications/Griffin/Ref/k100.Umap.MultiTrackMappability.bw 		--chrom_sizes_path /projects/pangen/analysis/hmac/applications/Griffin/Ref/hg38.standard.chrom.sizes 		--sites_yaml /projects/pangen/analysis/hmac/applications/Griffin/snakemakes/griffin_nucleosome_profiling/config/sites.yaml 		--griffin_scripts /projects/pangen/analysis/hmac/applications/Griffin/scripts 		--chrom_column Chrom 		--position_column position 		--strand_column Strand 		--chroms chr1 chr2 chr3 chr4 chr5 chr6 chr7 chr8 chr9 chr10 chr11 chr12 chr13 chr14 chr15 chr16 chr17 chr18 chr19 chr20 chr21 chr22 		--norm_window -5000 5000 		--save_window -1000 1000 		--center_window -30 30 		--fft_window -960 960 		--fft_index 10 		--smoothing_length 165 		--exclude_paths /projects/pangen/analysis/hmac/applications/Griffin/Ref/encode_unified_GRCh38_exclusion_list.bed /projects/pangen/analysis/hmac/applications/Griffin/Ref/hg38_centromeres.bed /projects/pangen/analysis/hmac/applications/Griffin/Ref/hg38_gaps.bed /projects/pangen/analysis/hmac/applications/Griffin/Ref/hg38_fix_patches.bed /projects/pangen/analysis/hmac/applications/Griffin/Ref/hg38_alternative_haplotypes.bed 		--step 15 		--CNA_normalization False 		--individual False 		--smoothing True 		--exclude_outliers True 		--exclude_zero_mappability True 		--number_of_sites none 		--sort_by none 		--ascending none 		--CPU 16 
        (one of the commands exited with non-zero exit code; note that snakemake uses bash strict mode!)
    cluster_jobid: Submitted batch job 18413438

Error executing rule merge_sites on cluster (jobid: 11, external: Submitted batch job 18413438, jobscript: /projects/pangen/analysis/hmac/applications/Griffin/snakemakes/griffin_nucleosome_profiling/.snakemake/tmp.t_vdv6dl/snakejob.merge_sites.11.sh). For error details see the cluster log and the log files of the involved rule(s).
Job failed, going on with independent jobs.
[Wed Oct 15 23:05:51 2025]
Error in rule merge_sites:
    jobid: 56
    output: /projects/pangen/analysis/hmac/applications/Griffin/snakemakes/griffin_nucleosome_profiling/results/POG1108/POG1108.uncorrected.coverage.tsv, /projects/pangen/analysis/hmac/applications/Griffin/snakemakes/griffin_nucleosome_profiling/results/POG1108/POG1108.GC_corrected.coverage.tsv, tmp/POG1108/tmp_pybedtools2
    shell:
        time /projects/pangen/analysis/hmac/applications/Griffin/scripts/griffin_merge_sites.py 		--sample_name POG1108 		--uncorrected_bw_path tmp/POG1108/tmp_bigWig/POG1108.uncorrected.bw 		--GC_corrected_bw_path tmp/POG1108/tmp_bigWig/POG1108.GC_corrected.bw 		--GC_map_corrected_bw_path none 		--mappability_correction False 		--tmp_dir tmp 		--results_dir /projects/pangen/analysis/hmac/applications/Griffin/snakemakes/griffin_nucleosome_profiling/results 		--mappability_bw /projects/pangen/analysis/hmac/applications/Griffin/Ref/k100.Umap.MultiTrackMappability.bw 		--chrom_sizes_path /projects/pangen/analysis/hmac/applications/Griffin/Ref/hg38.standard.chrom.sizes 		--sites_yaml /projects/pangen/analysis/hmac/applications/Griffin/snakemakes/griffin_nucleosome_profiling/config/sites.yaml 		--griffin_scripts /projects/pangen/analysis/hmac/applications/Griffin/scripts 		--chrom_column Chrom 		--position_column position 		--strand_column Strand 		--chroms chr1 chr2 chr3 chr4 chr5 chr6 chr7 chr8 chr9 chr10 chr11 chr12 chr13 chr14 chr15 chr16 chr17 chr18 chr19 chr20 chr21 chr22 		--norm_window -5000 5000 		--save_window -1000 1000 		--center_window -30 30 		--fft_window -960 960 		--fft_index 10 		--smoothing_length 165 		--exclude_paths /projects/pangen/analysis/hmac/applications/Griffin/Ref/encode_unified_GRCh38_exclusion_list.bed /projects/pangen/analysis/hmac/applications/Griffin/Ref/hg38_centromeres.bed /projects/pangen/analysis/hmac/applications/Griffin/Ref/hg38_gaps.bed /projects/pangen/analysis/hmac/applications/Griffin/Ref/hg38_fix_patches.bed /projects/pangen/analysis/hmac/applications/Griffin/Ref/hg38_alternative_haplotypes.bed 		--step 15 		--CNA_normalization False 		--individual False 		--smoothing True 		--exclude_outliers True 		--exclude_zero_mappability True 		--number_of_sites none 		--sort_by none 		--ascending none 		--CPU 16 
        (one of the commands exited with non-zero exit code; note that snakemake uses bash strict mode!)
    cluster_jobid: Submitted batch job 18413439

Error executing rule merge_sites on cluster (jobid: 56, external: Submitted batch job 18413439, jobscript: /projects/pangen/analysis/hmac/applications/Griffin/snakemakes/griffin_nucleosome_profiling/.snakemake/tmp.t_vdv6dl/snakejob.merge_sites.56.sh). For error details see the cluster log and the log files of the involved rule(s).
Job failed, going on with independent jobs.
[Wed Oct 15 23:05:51 2025]
Error in rule merge_sites:
    jobid: 62
    output: /projects/pangen/analysis/hmac/applications/Griffin/snakemakes/griffin_nucleosome_profiling/results/PAN051/PAN051.uncorrected.coverage.tsv, /projects/pangen/analysis/hmac/applications/Griffin/snakemakes/griffin_nucleosome_profiling/results/PAN051/PAN051.GC_corrected.coverage.tsv, tmp/PAN051/tmp_pybedtools2
    shell:
        time /projects/pangen/analysis/hmac/applications/Griffin/scripts/griffin_merge_sites.py 		--sample_name PAN051 		--uncorrected_bw_path tmp/PAN051/tmp_bigWig/PAN051.uncorrected.bw 		--GC_corrected_bw_path tmp/PAN051/tmp_bigWig/PAN051.GC_corrected.bw 		--GC_map_corrected_bw_path none 		--mappability_correction False 		--tmp_dir tmp 		--results_dir /projects/pangen/analysis/hmac/applications/Griffin/snakemakes/griffin_nucleosome_profiling/results 		--mappability_bw /projects/pangen/analysis/hmac/applications/Griffin/Ref/k100.Umap.MultiTrackMappability.bw 		--chrom_sizes_path /projects/pangen/analysis/hmac/applications/Griffin/Ref/hg38.standard.chrom.sizes 		--sites_yaml /projects/pangen/analysis/hmac/applications/Griffin/snakemakes/griffin_nucleosome_profiling/config/sites.yaml 		--griffin_scripts /projects/pangen/analysis/hmac/applications/Griffin/scripts 		--chrom_column Chrom 		--position_column position 		--strand_column Strand 		--chroms chr1 chr2 chr3 chr4 chr5 chr6 chr7 chr8 chr9 chr10 chr11 chr12 chr13 chr14 chr15 chr16 chr17 chr18 chr19 chr20 chr21 chr22 		--norm_window -5000 5000 		--save_window -1000 1000 		--center_window -30 30 		--fft_window -960 960 		--fft_index 10 		--smoothing_length 165 		--exclude_paths /projects/pangen/analysis/hmac/applications/Griffin/Ref/encode_unified_GRCh38_exclusion_list.bed /projects/pangen/analysis/hmac/applications/Griffin/Ref/hg38_centromeres.bed /projects/pangen/analysis/hmac/applications/Griffin/Ref/hg38_gaps.bed /projects/pangen/analysis/hmac/applications/Griffin/Ref/hg38_fix_patches.bed /projects/pangen/analysis/hmac/applications/Griffin/Ref/hg38_alternative_haplotypes.bed 		--step 15 		--CNA_normalization False 		--individual False 		--smoothing True 		--exclude_outliers True 		--exclude_zero_mappability True 		--number_of_sites none 		--sort_by none 		--ascending none 		--CPU 16 
        (one of the commands exited with non-zero exit code; note that snakemake uses bash strict mode!)
    cluster_jobid: Submitted batch job 18413440

Error executing rule merge_sites on cluster (jobid: 62, external: Submitted batch job 18413440, jobscript: /projects/pangen/analysis/hmac/applications/Griffin/snakemakes/griffin_nucleosome_profiling/.snakemake/tmp.t_vdv6dl/snakejob.merge_sites.62.sh). For error details see the cluster log and the log files of the involved rule(s).
Job failed, going on with independent jobs.
[Wed Oct 15 23:05:51 2025]
Error in rule merge_sites:
    jobid: 13
    output: /projects/pangen/analysis/hmac/applications/Griffin/snakemakes/griffin_nucleosome_profiling/results/PAN090/PAN090.uncorrected.coverage.tsv, /projects/pangen/analysis/hmac/applications/Griffin/snakemakes/griffin_nucleosome_profiling/results/PAN090/PAN090.GC_corrected.coverage.tsv, tmp/PAN090/tmp_pybedtools2
    shell:
        time /projects/pangen/analysis/hmac/applications/Griffin/scripts/griffin_merge_sites.py 		--sample_name PAN090 		--uncorrected_bw_path tmp/PAN090/tmp_bigWig/PAN090.uncorrected.bw 		--GC_corrected_bw_path tmp/PAN090/tmp_bigWig/PAN090.GC_corrected.bw 		--GC_map_corrected_bw_path none 		--mappability_correction False 		--tmp_dir tmp 		--results_dir /projects/pangen/analysis/hmac/applications/Griffin/snakemakes/griffin_nucleosome_profiling/results 		--mappability_bw /projects/pangen/analysis/hmac/applications/Griffin/Ref/k100.Umap.MultiTrackMappability.bw 		--chrom_sizes_path /projects/pangen/analysis/hmac/applications/Griffin/Ref/hg38.standard.chrom.sizes 		--sites_yaml /projects/pangen/analysis/hmac/applications/Griffin/snakemakes/griffin_nucleosome_profiling/config/sites.yaml 		--griffin_scripts /projects/pangen/analysis/hmac/applications/Griffin/scripts 		--chrom_column Chrom 		--position_column position 		--strand_column Strand 		--chroms chr1 chr2 chr3 chr4 chr5 chr6 chr7 chr8 chr9 chr10 chr11 chr12 chr13 chr14 chr15 chr16 chr17 chr18 chr19 chr20 chr21 chr22 		--norm_window -5000 5000 		--save_window -1000 1000 		--center_window -30 30 		--fft_window -960 960 		--fft_index 10 		--smoothing_length 165 		--exclude_paths /projects/pangen/analysis/hmac/applications/Griffin/Ref/encode_unified_GRCh38_exclusion_list.bed /projects/pangen/analysis/hmac/applications/Griffin/Ref/hg38_centromeres.bed /projects/pangen/analysis/hmac/applications/Griffin/Ref/hg38_gaps.bed /projects/pangen/analysis/hmac/applications/Griffin/Ref/hg38_fix_patches.bed /projects/pangen/analysis/hmac/applications/Griffin/Ref/hg38_alternative_haplotypes.bed 		--step 15 		--CNA_normalization False 		--individual False 		--smoothing True 		--exclude_outliers True 		--exclude_zero_mappability True 		--number_of_sites none 		--sort_by none 		--ascending none 		--CPU 16 
        (one of the commands exited with non-zero exit code; note that snakemake uses bash strict mode!)
    cluster_jobid: Submitted batch job 18413441

Error executing rule merge_sites on cluster (jobid: 13, external: Submitted batch job 18413441, jobscript: /projects/pangen/analysis/hmac/applications/Griffin/snakemakes/griffin_nucleosome_profiling/.snakemake/tmp.t_vdv6dl/snakejob.merge_sites.13.sh). For error details see the cluster log and the log files of the involved rule(s).
Job failed, going on with independent jobs.
Removing temporary output file tmp/POG1156/tmp_pybedtools.
[Wed Oct 15 23:05:51 2025]
Finished job 148.
70 of 152 steps (46%) done

[Wed Oct 15 23:05:51 2025]
rule merge_sites:
    input: tmp/POG1156/tmp_bigWig/POG1156.uncorrected.bw, tmp/POG1156/tmp_bigWig/POG1156.GC_corrected.bw
    output: /projects/pangen/analysis/hmac/applications/Griffin/snakemakes/griffin_nucleosome_profiling/results/POG1156/POG1156.uncorrected.coverage.tsv, /projects/pangen/analysis/hmac/applications/Griffin/snakemakes/griffin_nucleosome_profiling/results/POG1156/POG1156.GC_corrected.coverage.tsv, tmp/POG1156/tmp_pybedtools2
    jobid: 72
    wildcards: samples=POG1156

Removing temporary output file tmp/POG1135/tmp_pybedtools.
[Wed Oct 15 23:05:51 2025]
Finished job 88.
71 of 152 steps (47%) done
Submitted job 72 with external jobid 'Submitted batch job 18413900'.
Removing temporary output file tmp/POG1279/tmp_pybedtools.
[Wed Oct 15 23:05:51 2025]
Finished job 107.
72 of 152 steps (47%) done

[Wed Oct 15 23:05:51 2025]
rule merge_sites:
    input: tmp/POG1135/tmp_bigWig/POG1135.uncorrected.bw, tmp/POG1135/tmp_bigWig/POG1135.GC_corrected.bw
    output: /projects/pangen/analysis/hmac/applications/Griffin/snakemakes/griffin_nucleosome_profiling/results/POG1135/POG1135.uncorrected.coverage.tsv, /projects/pangen/analysis/hmac/applications/Griffin/snakemakes/griffin_nucleosome_profiling/results/POG1135/POG1135.GC_corrected.coverage.tsv, tmp/POG1135/tmp_pybedtools2
    jobid: 12
    wildcards: samples=POG1135

Removing temporary output file tmp/PAN044/tmp_pybedtools.
[Wed Oct 15 23:05:51 2025]
Finished job 106.
73 of 152 steps (48%) done
Removing temporary output file tmp/POG1804/tmp_pybedtools.
[Wed Oct 15 23:05:51 2025]
Finished job 100.
74 of 152 steps (49%) done
Submitted job 12 with external jobid 'Submitted batch job 18413901'.

[Wed Oct 15 23:05:51 2025]
rule merge_sites:
    input: tmp/POG1279/tmp_bigWig/POG1279.uncorrected.bw, tmp/POG1279/tmp_bigWig/POG1279.GC_corrected.bw
    output: /projects/pangen/analysis/hmac/applications/Griffin/snakemakes/griffin_nucleosome_profiling/results/POG1279/POG1279.uncorrected.coverage.tsv, /projects/pangen/analysis/hmac/applications/Griffin/snakemakes/griffin_nucleosome_profiling/results/POG1279/POG1279.GC_corrected.coverage.tsv, tmp/POG1279/tmp_pybedtools2
    jobid: 31
    wildcards: samples=POG1279

Submitted job 31 with external jobid 'Submitted batch job 18413902'.

[Wed Oct 15 23:05:51 2025]
rule merge_sites:
    input: tmp/PAN044/tmp_bigWig/PAN044.uncorrected.bw, tmp/PAN044/tmp_bigWig/PAN044.GC_corrected.bw
    output: /projects/pangen/analysis/hmac/applications/Griffin/snakemakes/griffin_nucleosome_profiling/results/PAN044/PAN044.uncorrected.coverage.tsv, /projects/pangen/analysis/hmac/applications/Griffin/snakemakes/griffin_nucleosome_profiling/results/PAN044/PAN044.GC_corrected.coverage.tsv, tmp/PAN044/tmp_pybedtools2
    jobid: 30
    wildcards: samples=PAN044

Submitted job 30 with external jobid 'Submitted batch job 18413903'.

[Wed Oct 15 23:05:51 2025]
rule merge_sites:
    input: tmp/POG1804/tmp_bigWig/POG1804.uncorrected.bw, tmp/POG1804/tmp_bigWig/POG1804.GC_corrected.bw
    output: /projects/pangen/analysis/hmac/applications/Griffin/snakemakes/griffin_nucleosome_profiling/results/POG1804/POG1804.uncorrected.coverage.tsv, /projects/pangen/analysis/hmac/applications/Griffin/snakemakes/griffin_nucleosome_profiling/results/POG1804/POG1804.GC_corrected.coverage.tsv, tmp/POG1804/tmp_pybedtools2
    jobid: 24
    wildcards: samples=POG1804

Submitted job 24 with external jobid 'Submitted batch job 18413904'.
Removing temporary output file tmp/POG1099/tmp_pybedtools.
[Wed Oct 15 23:05:52 2025]
Finished job 112.
75 of 152 steps (49%) done

[Wed Oct 15 23:05:52 2025]
rule merge_sites:
    input: tmp/POG1099/tmp_bigWig/POG1099.uncorrected.bw, tmp/POG1099/tmp_bigWig/POG1099.GC_corrected.bw
    output: /projects/pangen/analysis/hmac/applications/Griffin/snakemakes/griffin_nucleosome_profiling/results/POG1099/POG1099.uncorrected.coverage.tsv, /projects/pangen/analysis/hmac/applications/Griffin/snakemakes/griffin_nucleosome_profiling/results/POG1099/POG1099.GC_corrected.coverage.tsv, tmp/POG1099/tmp_pybedtools2
    jobid: 36
    wildcards: samples=POG1099

[Wed Oct 15 23:05:52 2025]
Error in rule merge_sites:
    jobid: 52
    output: /projects/pangen/analysis/hmac/applications/Griffin/snakemakes/griffin_nucleosome_profiling/results/PAN042/PAN042.uncorrected.coverage.tsv, /projects/pangen/analysis/hmac/applications/Griffin/snakemakes/griffin_nucleosome_profiling/results/PAN042/PAN042.GC_corrected.coverage.tsv, tmp/PAN042/tmp_pybedtools2
    shell:
        time /projects/pangen/analysis/hmac/applications/Griffin/scripts/griffin_merge_sites.py 		--sample_name PAN042 		--uncorrected_bw_path tmp/PAN042/tmp_bigWig/PAN042.uncorrected.bw 		--GC_corrected_bw_path tmp/PAN042/tmp_bigWig/PAN042.GC_corrected.bw 		--GC_map_corrected_bw_path none 		--mappability_correction False 		--tmp_dir tmp 		--results_dir /projects/pangen/analysis/hmac/applications/Griffin/snakemakes/griffin_nucleosome_profiling/results 		--mappability_bw /projects/pangen/analysis/hmac/applications/Griffin/Ref/k100.Umap.MultiTrackMappability.bw 		--chrom_sizes_path /projects/pangen/analysis/hmac/applications/Griffin/Ref/hg38.standard.chrom.sizes 		--sites_yaml /projects/pangen/analysis/hmac/applications/Griffin/snakemakes/griffin_nucleosome_profiling/config/sites.yaml 		--griffin_scripts /projects/pangen/analysis/hmac/applications/Griffin/scripts 		--chrom_column Chrom 		--position_column position 		--strand_column Strand 		--chroms chr1 chr2 chr3 chr4 chr5 chr6 chr7 chr8 chr9 chr10 chr11 chr12 chr13 chr14 chr15 chr16 chr17 chr18 chr19 chr20 chr21 chr22 		--norm_window -5000 5000 		--save_window -1000 1000 		--center_window -30 30 		--fft_window -960 960 		--fft_index 10 		--smoothing_length 165 		--exclude_paths /projects/pangen/analysis/hmac/applications/Griffin/Ref/encode_unified_GRCh38_exclusion_list.bed /projects/pangen/analysis/hmac/applications/Griffin/Ref/hg38_centromeres.bed /projects/pangen/analysis/hmac/applications/Griffin/Ref/hg38_gaps.bed /projects/pangen/analysis/hmac/applications/Griffin/Ref/hg38_fix_patches.bed /projects/pangen/analysis/hmac/applications/Griffin/Ref/hg38_alternative_haplotypes.bed 		--step 15 		--CNA_normalization False 		--individual False 		--smoothing True 		--exclude_outliers True 		--exclude_zero_mappability True 		--number_of_sites none 		--sort_by none 		--ascending none 		--CPU 16 
        (one of the commands exited with non-zero exit code; note that snakemake uses bash strict mode!)
    cluster_jobid: Submitted batch job 18413445

Error executing rule merge_sites on cluster (jobid: 52, external: Submitted batch job 18413445, jobscript: /projects/pangen/analysis/hmac/applications/Griffin/snakemakes/griffin_nucleosome_profiling/.snakemake/tmp.t_vdv6dl/snakejob.merge_sites.52.sh). For error details see the cluster log and the log files of the involved rule(s).
Job failed, going on with independent jobs.
[Wed Oct 15 23:05:52 2025]
Error in rule merge_sites:
    jobid: 50
    output: /projects/pangen/analysis/hmac/applications/Griffin/snakemakes/griffin_nucleosome_profiling/results/POG1096/POG1096.uncorrected.coverage.tsv, /projects/pangen/analysis/hmac/applications/Griffin/snakemakes/griffin_nucleosome_profiling/results/POG1096/POG1096.GC_corrected.coverage.tsv, tmp/POG1096/tmp_pybedtools2
    shell:
        time /projects/pangen/analysis/hmac/applications/Griffin/scripts/griffin_merge_sites.py 		--sample_name POG1096 		--uncorrected_bw_path tmp/POG1096/tmp_bigWig/POG1096.uncorrected.bw 		--GC_corrected_bw_path tmp/POG1096/tmp_bigWig/POG1096.GC_corrected.bw 		--GC_map_corrected_bw_path none 		--mappability_correction False 		--tmp_dir tmp 		--results_dir /projects/pangen/analysis/hmac/applications/Griffin/snakemakes/griffin_nucleosome_profiling/results 		--mappability_bw /projects/pangen/analysis/hmac/applications/Griffin/Ref/k100.Umap.MultiTrackMappability.bw 		--chrom_sizes_path /projects/pangen/analysis/hmac/applications/Griffin/Ref/hg38.standard.chrom.sizes 		--sites_yaml /projects/pangen/analysis/hmac/applications/Griffin/snakemakes/griffin_nucleosome_profiling/config/sites.yaml 		--griffin_scripts /projects/pangen/analysis/hmac/applications/Griffin/scripts 		--chrom_column Chrom 		--position_column position 		--strand_column Strand 		--chroms chr1 chr2 chr3 chr4 chr5 chr6 chr7 chr8 chr9 chr10 chr11 chr12 chr13 chr14 chr15 chr16 chr17 chr18 chr19 chr20 chr21 chr22 		--norm_window -5000 5000 		--save_window -1000 1000 		--center_window -30 30 		--fft_window -960 960 		--fft_index 10 		--smoothing_length 165 		--exclude_paths /projects/pangen/analysis/hmac/applications/Griffin/Ref/encode_unified_GRCh38_exclusion_list.bed /projects/pangen/analysis/hmac/applications/Griffin/Ref/hg38_centromeres.bed /projects/pangen/analysis/hmac/applications/Griffin/Ref/hg38_gaps.bed /projects/pangen/analysis/hmac/applications/Griffin/Ref/hg38_fix_patches.bed /projects/pangen/analysis/hmac/applications/Griffin/Ref/hg38_alternative_haplotypes.bed 		--step 15 		--CNA_normalization False 		--individual False 		--smoothing True 		--exclude_outliers True 		--exclude_zero_mappability True 		--number_of_sites none 		--sort_by none 		--ascending none 		--CPU 16 
        (one of the commands exited with non-zero exit code; note that snakemake uses bash strict mode!)
    cluster_jobid: Submitted batch job 18413446

Error executing rule merge_sites on cluster (jobid: 50, external: Submitted batch job 18413446, jobscript: /projects/pangen/analysis/hmac/applications/Griffin/snakemakes/griffin_nucleosome_profiling/.snakemake/tmp.t_vdv6dl/snakejob.merge_sites.50.sh). For error details see the cluster log and the log files of the involved rule(s).
Job failed, going on with independent jobs.
Submitted job 36 with external jobid 'Submitted batch job 18413905'.
[Wed Oct 15 23:10:38 2025]
Error in rule merge_sites:
    jobid: 37
    output: /projects/pangen/analysis/hmac/applications/Griffin/snakemakes/griffin_nucleosome_profiling/results/POG811/POG811.uncorrected.coverage.tsv, /projects/pangen/analysis/hmac/applications/Griffin/snakemakes/griffin_nucleosome_profiling/results/POG811/POG811.GC_corrected.coverage.tsv, tmp/POG811/tmp_pybedtools2
    shell:
        time /projects/pangen/analysis/hmac/applications/Griffin/scripts/griffin_merge_sites.py 		--sample_name POG811 		--uncorrected_bw_path tmp/POG811/tmp_bigWig/POG811.uncorrected.bw 		--GC_corrected_bw_path tmp/POG811/tmp_bigWig/POG811.GC_corrected.bw 		--GC_map_corrected_bw_path none 		--mappability_correction False 		--tmp_dir tmp 		--results_dir /projects/pangen/analysis/hmac/applications/Griffin/snakemakes/griffin_nucleosome_profiling/results 		--mappability_bw /projects/pangen/analysis/hmac/applications/Griffin/Ref/k100.Umap.MultiTrackMappability.bw 		--chrom_sizes_path /projects/pangen/analysis/hmac/applications/Griffin/Ref/hg38.standard.chrom.sizes 		--sites_yaml /projects/pangen/analysis/hmac/applications/Griffin/snakemakes/griffin_nucleosome_profiling/config/sites.yaml 		--griffin_scripts /projects/pangen/analysis/hmac/applications/Griffin/scripts 		--chrom_column Chrom 		--position_column position 		--strand_column Strand 		--chroms chr1 chr2 chr3 chr4 chr5 chr6 chr7 chr8 chr9 chr10 chr11 chr12 chr13 chr14 chr15 chr16 chr17 chr18 chr19 chr20 chr21 chr22 		--norm_window -5000 5000 		--save_window -1000 1000 		--center_window -30 30 		--fft_window -960 960 		--fft_index 10 		--smoothing_length 165 		--exclude_paths /projects/pangen/analysis/hmac/applications/Griffin/Ref/encode_unified_GRCh38_exclusion_list.bed /projects/pangen/analysis/hmac/applications/Griffin/Ref/hg38_centromeres.bed /projects/pangen/analysis/hmac/applications/Griffin/Ref/hg38_gaps.bed /projects/pangen/analysis/hmac/applications/Griffin/Ref/hg38_fix_patches.bed /projects/pangen/analysis/hmac/applications/Griffin/Ref/hg38_alternative_haplotypes.bed 		--step 15 		--CNA_normalization False 		--individual False 		--smoothing True 		--exclude_outliers True 		--exclude_zero_mappability True 		--number_of_sites none 		--sort_by none 		--ascending none 		--CPU 16 
        (one of the commands exited with non-zero exit code; note that snakemake uses bash strict mode!)
    cluster_jobid: Submitted batch job 18413863

Error executing rule merge_sites on cluster (jobid: 37, external: Submitted batch job 18413863, jobscript: /projects/pangen/analysis/hmac/applications/Griffin/snakemakes/griffin_nucleosome_profiling/.snakemake/tmp.t_vdv6dl/snakejob.merge_sites.37.sh). For error details see the cluster log and the log files of the involved rule(s).
Job failed, going on with independent jobs.
[Wed Oct 15 23:10:38 2025]
Error in rule merge_sites:
    jobid: 49
    output: /projects/pangen/analysis/hmac/applications/Griffin/snakemakes/griffin_nucleosome_profiling/results/POG1067/POG1067.uncorrected.coverage.tsv, /projects/pangen/analysis/hmac/applications/Griffin/snakemakes/griffin_nucleosome_profiling/results/POG1067/POG1067.GC_corrected.coverage.tsv, tmp/POG1067/tmp_pybedtools2
    shell:
        time /projects/pangen/analysis/hmac/applications/Griffin/scripts/griffin_merge_sites.py 		--sample_name POG1067 		--uncorrected_bw_path tmp/POG1067/tmp_bigWig/POG1067.uncorrected.bw 		--GC_corrected_bw_path tmp/POG1067/tmp_bigWig/POG1067.GC_corrected.bw 		--GC_map_corrected_bw_path none 		--mappability_correction False 		--tmp_dir tmp 		--results_dir /projects/pangen/analysis/hmac/applications/Griffin/snakemakes/griffin_nucleosome_profiling/results 		--mappability_bw /projects/pangen/analysis/hmac/applications/Griffin/Ref/k100.Umap.MultiTrackMappability.bw 		--chrom_sizes_path /projects/pangen/analysis/hmac/applications/Griffin/Ref/hg38.standard.chrom.sizes 		--sites_yaml /projects/pangen/analysis/hmac/applications/Griffin/snakemakes/griffin_nucleosome_profiling/config/sites.yaml 		--griffin_scripts /projects/pangen/analysis/hmac/applications/Griffin/scripts 		--chrom_column Chrom 		--position_column position 		--strand_column Strand 		--chroms chr1 chr2 chr3 chr4 chr5 chr6 chr7 chr8 chr9 chr10 chr11 chr12 chr13 chr14 chr15 chr16 chr17 chr18 chr19 chr20 chr21 chr22 		--norm_window -5000 5000 		--save_window -1000 1000 		--center_window -30 30 		--fft_window -960 960 		--fft_index 10 		--smoothing_length 165 		--exclude_paths /projects/pangen/analysis/hmac/applications/Griffin/Ref/encode_unified_GRCh38_exclusion_list.bed /projects/pangen/analysis/hmac/applications/Griffin/Ref/hg38_centromeres.bed /projects/pangen/analysis/hmac/applications/Griffin/Ref/hg38_gaps.bed /projects/pangen/analysis/hmac/applications/Griffin/Ref/hg38_fix_patches.bed /projects/pangen/analysis/hmac/applications/Griffin/Ref/hg38_alternative_haplotypes.bed 		--step 15 		--CNA_normalization False 		--individual False 		--smoothing True 		--exclude_outliers True 		--exclude_zero_mappability True 		--number_of_sites none 		--sort_by none 		--ascending none 		--CPU 16 
        (one of the commands exited with non-zero exit code; note that snakemake uses bash strict mode!)
    cluster_jobid: Submitted batch job 18413864

Error executing rule merge_sites on cluster (jobid: 49, external: Submitted batch job 18413864, jobscript: /projects/pangen/analysis/hmac/applications/Griffin/snakemakes/griffin_nucleosome_profiling/.snakemake/tmp.t_vdv6dl/snakejob.merge_sites.49.sh). For error details see the cluster log and the log files of the involved rule(s).
Job failed, going on with independent jobs.
[Wed Oct 15 23:10:38 2025]
Error in rule merge_sites:
    jobid: 26
    output: /projects/pangen/analysis/hmac/applications/Griffin/snakemakes/griffin_nucleosome_profiling/results/POG1391/POG1391.uncorrected.coverage.tsv, /projects/pangen/analysis/hmac/applications/Griffin/snakemakes/griffin_nucleosome_profiling/results/POG1391/POG1391.GC_corrected.coverage.tsv, tmp/POG1391/tmp_pybedtools2
    shell:
        time /projects/pangen/analysis/hmac/applications/Griffin/scripts/griffin_merge_sites.py 		--sample_name POG1391 		--uncorrected_bw_path tmp/POG1391/tmp_bigWig/POG1391.uncorrected.bw 		--GC_corrected_bw_path tmp/POG1391/tmp_bigWig/POG1391.GC_corrected.bw 		--GC_map_corrected_bw_path none 		--mappability_correction False 		--tmp_dir tmp 		--results_dir /projects/pangen/analysis/hmac/applications/Griffin/snakemakes/griffin_nucleosome_profiling/results 		--mappability_bw /projects/pangen/analysis/hmac/applications/Griffin/Ref/k100.Umap.MultiTrackMappability.bw 		--chrom_sizes_path /projects/pangen/analysis/hmac/applications/Griffin/Ref/hg38.standard.chrom.sizes 		--sites_yaml /projects/pangen/analysis/hmac/applications/Griffin/snakemakes/griffin_nucleosome_profiling/config/sites.yaml 		--griffin_scripts /projects/pangen/analysis/hmac/applications/Griffin/scripts 		--chrom_column Chrom 		--position_column position 		--strand_column Strand 		--chroms chr1 chr2 chr3 chr4 chr5 chr6 chr7 chr8 chr9 chr10 chr11 chr12 chr13 chr14 chr15 chr16 chr17 chr18 chr19 chr20 chr21 chr22 		--norm_window -5000 5000 		--save_window -1000 1000 		--center_window -30 30 		--fft_window -960 960 		--fft_index 10 		--smoothing_length 165 		--exclude_paths /projects/pangen/analysis/hmac/applications/Griffin/Ref/encode_unified_GRCh38_exclusion_list.bed /projects/pangen/analysis/hmac/applications/Griffin/Ref/hg38_centromeres.bed /projects/pangen/analysis/hmac/applications/Griffin/Ref/hg38_gaps.bed /projects/pangen/analysis/hmac/applications/Griffin/Ref/hg38_fix_patches.bed /projects/pangen/analysis/hmac/applications/Griffin/Ref/hg38_alternative_haplotypes.bed 		--step 15 		--CNA_normalization False 		--individual False 		--smoothing True 		--exclude_outliers True 		--exclude_zero_mappability True 		--number_of_sites none 		--sort_by none 		--ascending none 		--CPU 16 
        (one of the commands exited with non-zero exit code; note that snakemake uses bash strict mode!)
    cluster_jobid: Submitted batch job 18413865

Error executing rule merge_sites on cluster (jobid: 26, external: Submitted batch job 18413865, jobscript: /projects/pangen/analysis/hmac/applications/Griffin/snakemakes/griffin_nucleosome_profiling/.snakemake/tmp.t_vdv6dl/snakejob.merge_sites.26.sh). For error details see the cluster log and the log files of the involved rule(s).
Job failed, going on with independent jobs.
[Wed Oct 15 23:10:38 2025]
Error in rule merge_sites:
    jobid: 9
    output: /projects/pangen/analysis/hmac/applications/Griffin/snakemakes/griffin_nucleosome_profiling/results/POG1020/POG1020.uncorrected.coverage.tsv, /projects/pangen/analysis/hmac/applications/Griffin/snakemakes/griffin_nucleosome_profiling/results/POG1020/POG1020.GC_corrected.coverage.tsv, tmp/POG1020/tmp_pybedtools2
    shell:
        time /projects/pangen/analysis/hmac/applications/Griffin/scripts/griffin_merge_sites.py 		--sample_name POG1020 		--uncorrected_bw_path tmp/POG1020/tmp_bigWig/POG1020.uncorrected.bw 		--GC_corrected_bw_path tmp/POG1020/tmp_bigWig/POG1020.GC_corrected.bw 		--GC_map_corrected_bw_path none 		--mappability_correction False 		--tmp_dir tmp 		--results_dir /projects/pangen/analysis/hmac/applications/Griffin/snakemakes/griffin_nucleosome_profiling/results 		--mappability_bw /projects/pangen/analysis/hmac/applications/Griffin/Ref/k100.Umap.MultiTrackMappability.bw 		--chrom_sizes_path /projects/pangen/analysis/hmac/applications/Griffin/Ref/hg38.standard.chrom.sizes 		--sites_yaml /projects/pangen/analysis/hmac/applications/Griffin/snakemakes/griffin_nucleosome_profiling/config/sites.yaml 		--griffin_scripts /projects/pangen/analysis/hmac/applications/Griffin/scripts 		--chrom_column Chrom 		--position_column position 		--strand_column Strand 		--chroms chr1 chr2 chr3 chr4 chr5 chr6 chr7 chr8 chr9 chr10 chr11 chr12 chr13 chr14 chr15 chr16 chr17 chr18 chr19 chr20 chr21 chr22 		--norm_window -5000 5000 		--save_window -1000 1000 		--center_window -30 30 		--fft_window -960 960 		--fft_index 10 		--smoothing_length 165 		--exclude_paths /projects/pangen/analysis/hmac/applications/Griffin/Ref/encode_unified_GRCh38_exclusion_list.bed /projects/pangen/analysis/hmac/applications/Griffin/Ref/hg38_centromeres.bed /projects/pangen/analysis/hmac/applications/Griffin/Ref/hg38_gaps.bed /projects/pangen/analysis/hmac/applications/Griffin/Ref/hg38_fix_patches.bed /projects/pangen/analysis/hmac/applications/Griffin/Ref/hg38_alternative_haplotypes.bed 		--step 15 		--CNA_normalization False 		--individual False 		--smoothing True 		--exclude_outliers True 		--exclude_zero_mappability True 		--number_of_sites none 		--sort_by none 		--ascending none 		--CPU 16 
        (one of the commands exited with non-zero exit code; note that snakemake uses bash strict mode!)
    cluster_jobid: Submitted batch job 18413866

Error executing rule merge_sites on cluster (jobid: 9, external: Submitted batch job 18413866, jobscript: /projects/pangen/analysis/hmac/applications/Griffin/snakemakes/griffin_nucleosome_profiling/.snakemake/tmp.t_vdv6dl/snakejob.merge_sites.9.sh). For error details see the cluster log and the log files of the involved rule(s).
Job failed, going on with independent jobs.
[Wed Oct 15 23:10:38 2025]
Error in rule merge_sites:
    jobid: 15
    output: /projects/pangen/analysis/hmac/applications/Griffin/snakemakes/griffin_nucleosome_profiling/results/PAN081/PAN081.uncorrected.coverage.tsv, /projects/pangen/analysis/hmac/applications/Griffin/snakemakes/griffin_nucleosome_profiling/results/PAN081/PAN081.GC_corrected.coverage.tsv, tmp/PAN081/tmp_pybedtools2
    shell:
        time /projects/pangen/analysis/hmac/applications/Griffin/scripts/griffin_merge_sites.py 		--sample_name PAN081 		--uncorrected_bw_path tmp/PAN081/tmp_bigWig/PAN081.uncorrected.bw 		--GC_corrected_bw_path tmp/PAN081/tmp_bigWig/PAN081.GC_corrected.bw 		--GC_map_corrected_bw_path none 		--mappability_correction False 		--tmp_dir tmp 		--results_dir /projects/pangen/analysis/hmac/applications/Griffin/snakemakes/griffin_nucleosome_profiling/results 		--mappability_bw /projects/pangen/analysis/hmac/applications/Griffin/Ref/k100.Umap.MultiTrackMappability.bw 		--chrom_sizes_path /projects/pangen/analysis/hmac/applications/Griffin/Ref/hg38.standard.chrom.sizes 		--sites_yaml /projects/pangen/analysis/hmac/applications/Griffin/snakemakes/griffin_nucleosome_profiling/config/sites.yaml 		--griffin_scripts /projects/pangen/analysis/hmac/applications/Griffin/scripts 		--chrom_column Chrom 		--position_column position 		--strand_column Strand 		--chroms chr1 chr2 chr3 chr4 chr5 chr6 chr7 chr8 chr9 chr10 chr11 chr12 chr13 chr14 chr15 chr16 chr17 chr18 chr19 chr20 chr21 chr22 		--norm_window -5000 5000 		--save_window -1000 1000 		--center_window -30 30 		--fft_window -960 960 		--fft_index 10 		--smoothing_length 165 		--exclude_paths /projects/pangen/analysis/hmac/applications/Griffin/Ref/encode_unified_GRCh38_exclusion_list.bed /projects/pangen/analysis/hmac/applications/Griffin/Ref/hg38_centromeres.bed /projects/pangen/analysis/hmac/applications/Griffin/Ref/hg38_gaps.bed /projects/pangen/analysis/hmac/applications/Griffin/Ref/hg38_fix_patches.bed /projects/pangen/analysis/hmac/applications/Griffin/Ref/hg38_alternative_haplotypes.bed 		--step 15 		--CNA_normalization False 		--individual False 		--smoothing True 		--exclude_outliers True 		--exclude_zero_mappability True 		--number_of_sites none 		--sort_by none 		--ascending none 		--CPU 16 
        (one of the commands exited with non-zero exit code; note that snakemake uses bash strict mode!)
    cluster_jobid: Submitted batch job 18413867

Error executing rule merge_sites on cluster (jobid: 15, external: Submitted batch job 18413867, jobscript: /projects/pangen/analysis/hmac/applications/Griffin/snakemakes/griffin_nucleosome_profiling/.snakemake/tmp.t_vdv6dl/snakejob.merge_sites.15.sh). For error details see the cluster log and the log files of the involved rule(s).
Job failed, going on with independent jobs.
[Wed Oct 15 23:10:39 2025]
Error in rule merge_sites:
    jobid: 18
    output: /projects/pangen/analysis/hmac/applications/Griffin/snakemakes/griffin_nucleosome_profiling/results/POG1000/POG1000.uncorrected.coverage.tsv, /projects/pangen/analysis/hmac/applications/Griffin/snakemakes/griffin_nucleosome_profiling/results/POG1000/POG1000.GC_corrected.coverage.tsv, tmp/POG1000/tmp_pybedtools2
    shell:
        time /projects/pangen/analysis/hmac/applications/Griffin/scripts/griffin_merge_sites.py 		--sample_name POG1000 		--uncorrected_bw_path tmp/POG1000/tmp_bigWig/POG1000.uncorrected.bw 		--GC_corrected_bw_path tmp/POG1000/tmp_bigWig/POG1000.GC_corrected.bw 		--GC_map_corrected_bw_path none 		--mappability_correction False 		--tmp_dir tmp 		--results_dir /projects/pangen/analysis/hmac/applications/Griffin/snakemakes/griffin_nucleosome_profiling/results 		--mappability_bw /projects/pangen/analysis/hmac/applications/Griffin/Ref/k100.Umap.MultiTrackMappability.bw 		--chrom_sizes_path /projects/pangen/analysis/hmac/applications/Griffin/Ref/hg38.standard.chrom.sizes 		--sites_yaml /projects/pangen/analysis/hmac/applications/Griffin/snakemakes/griffin_nucleosome_profiling/config/sites.yaml 		--griffin_scripts /projects/pangen/analysis/hmac/applications/Griffin/scripts 		--chrom_column Chrom 		--position_column position 		--strand_column Strand 		--chroms chr1 chr2 chr3 chr4 chr5 chr6 chr7 chr8 chr9 chr10 chr11 chr12 chr13 chr14 chr15 chr16 chr17 chr18 chr19 chr20 chr21 chr22 		--norm_window -5000 5000 		--save_window -1000 1000 		--center_window -30 30 		--fft_window -960 960 		--fft_index 10 		--smoothing_length 165 		--exclude_paths /projects/pangen/analysis/hmac/applications/Griffin/Ref/encode_unified_GRCh38_exclusion_list.bed /projects/pangen/analysis/hmac/applications/Griffin/Ref/hg38_centromeres.bed /projects/pangen/analysis/hmac/applications/Griffin/Ref/hg38_gaps.bed /projects/pangen/analysis/hmac/applications/Griffin/Ref/hg38_fix_patches.bed /projects/pangen/analysis/hmac/applications/Griffin/Ref/hg38_alternative_haplotypes.bed 		--step 15 		--CNA_normalization False 		--individual False 		--smoothing True 		--exclude_outliers True 		--exclude_zero_mappability True 		--number_of_sites none 		--sort_by none 		--ascending none 		--CPU 16 
        (one of the commands exited with non-zero exit code; note that snakemake uses bash strict mode!)
    cluster_jobid: Submitted batch job 18413868

Error executing rule merge_sites on cluster (jobid: 18, external: Submitted batch job 18413868, jobscript: /projects/pangen/analysis/hmac/applications/Griffin/snakemakes/griffin_nucleosome_profiling/.snakemake/tmp.t_vdv6dl/snakejob.merge_sites.18.sh). For error details see the cluster log and the log files of the involved rule(s).
Job failed, going on with independent jobs.
[Wed Oct 15 23:10:39 2025]
Error in rule merge_sites:
    jobid: 75
    output: /projects/pangen/analysis/hmac/applications/Griffin/snakemakes/griffin_nucleosome_profiling/results/POG1147/POG1147.uncorrected.coverage.tsv, /projects/pangen/analysis/hmac/applications/Griffin/snakemakes/griffin_nucleosome_profiling/results/POG1147/POG1147.GC_corrected.coverage.tsv, tmp/POG1147/tmp_pybedtools2
    shell:
        time /projects/pangen/analysis/hmac/applications/Griffin/scripts/griffin_merge_sites.py 		--sample_name POG1147 		--uncorrected_bw_path tmp/POG1147/tmp_bigWig/POG1147.uncorrected.bw 		--GC_corrected_bw_path tmp/POG1147/tmp_bigWig/POG1147.GC_corrected.bw 		--GC_map_corrected_bw_path none 		--mappability_correction False 		--tmp_dir tmp 		--results_dir /projects/pangen/analysis/hmac/applications/Griffin/snakemakes/griffin_nucleosome_profiling/results 		--mappability_bw /projects/pangen/analysis/hmac/applications/Griffin/Ref/k100.Umap.MultiTrackMappability.bw 		--chrom_sizes_path /projects/pangen/analysis/hmac/applications/Griffin/Ref/hg38.standard.chrom.sizes 		--sites_yaml /projects/pangen/analysis/hmac/applications/Griffin/snakemakes/griffin_nucleosome_profiling/config/sites.yaml 		--griffin_scripts /projects/pangen/analysis/hmac/applications/Griffin/scripts 		--chrom_column Chrom 		--position_column position 		--strand_column Strand 		--chroms chr1 chr2 chr3 chr4 chr5 chr6 chr7 chr8 chr9 chr10 chr11 chr12 chr13 chr14 chr15 chr16 chr17 chr18 chr19 chr20 chr21 chr22 		--norm_window -5000 5000 		--save_window -1000 1000 		--center_window -30 30 		--fft_window -960 960 		--fft_index 10 		--smoothing_length 165 		--exclude_paths /projects/pangen/analysis/hmac/applications/Griffin/Ref/encode_unified_GRCh38_exclusion_list.bed /projects/pangen/analysis/hmac/applications/Griffin/Ref/hg38_centromeres.bed /projects/pangen/analysis/hmac/applications/Griffin/Ref/hg38_gaps.bed /projects/pangen/analysis/hmac/applications/Griffin/Ref/hg38_fix_patches.bed /projects/pangen/analysis/hmac/applications/Griffin/Ref/hg38_alternative_haplotypes.bed 		--step 15 		--CNA_normalization False 		--individual False 		--smoothing True 		--exclude_outliers True 		--exclude_zero_mappability True 		--number_of_sites none 		--sort_by none 		--ascending none 		--CPU 16 
        (one of the commands exited with non-zero exit code; note that snakemake uses bash strict mode!)
    cluster_jobid: Submitted batch job 18413869

Error executing rule merge_sites on cluster (jobid: 75, external: Submitted batch job 18413869, jobscript: /projects/pangen/analysis/hmac/applications/Griffin/snakemakes/griffin_nucleosome_profiling/.snakemake/tmp.t_vdv6dl/snakejob.merge_sites.75.sh). For error details see the cluster log and the log files of the involved rule(s).
Job failed, going on with independent jobs.
[Wed Oct 15 23:10:39 2025]
Error in rule merge_sites:
    jobid: 19
    output: /projects/pangen/analysis/hmac/applications/Griffin/snakemakes/griffin_nucleosome_profiling/results/POG878/POG878.uncorrected.coverage.tsv, /projects/pangen/analysis/hmac/applications/Griffin/snakemakes/griffin_nucleosome_profiling/results/POG878/POG878.GC_corrected.coverage.tsv, tmp/POG878/tmp_pybedtools2
    shell:
        time /projects/pangen/analysis/hmac/applications/Griffin/scripts/griffin_merge_sites.py 		--sample_name POG878 		--uncorrected_bw_path tmp/POG878/tmp_bigWig/POG878.uncorrected.bw 		--GC_corrected_bw_path tmp/POG878/tmp_bigWig/POG878.GC_corrected.bw 		--GC_map_corrected_bw_path none 		--mappability_correction False 		--tmp_dir tmp 		--results_dir /projects/pangen/analysis/hmac/applications/Griffin/snakemakes/griffin_nucleosome_profiling/results 		--mappability_bw /projects/pangen/analysis/hmac/applications/Griffin/Ref/k100.Umap.MultiTrackMappability.bw 		--chrom_sizes_path /projects/pangen/analysis/hmac/applications/Griffin/Ref/hg38.standard.chrom.sizes 		--sites_yaml /projects/pangen/analysis/hmac/applications/Griffin/snakemakes/griffin_nucleosome_profiling/config/sites.yaml 		--griffin_scripts /projects/pangen/analysis/hmac/applications/Griffin/scripts 		--chrom_column Chrom 		--position_column position 		--strand_column Strand 		--chroms chr1 chr2 chr3 chr4 chr5 chr6 chr7 chr8 chr9 chr10 chr11 chr12 chr13 chr14 chr15 chr16 chr17 chr18 chr19 chr20 chr21 chr22 		--norm_window -5000 5000 		--save_window -1000 1000 		--center_window -30 30 		--fft_window -960 960 		--fft_index 10 		--smoothing_length 165 		--exclude_paths /projects/pangen/analysis/hmac/applications/Griffin/Ref/encode_unified_GRCh38_exclusion_list.bed /projects/pangen/analysis/hmac/applications/Griffin/Ref/hg38_centromeres.bed /projects/pangen/analysis/hmac/applications/Griffin/Ref/hg38_gaps.bed /projects/pangen/analysis/hmac/applications/Griffin/Ref/hg38_fix_patches.bed /projects/pangen/analysis/hmac/applications/Griffin/Ref/hg38_alternative_haplotypes.bed 		--step 15 		--CNA_normalization False 		--individual False 		--smoothing True 		--exclude_outliers True 		--exclude_zero_mappability True 		--number_of_sites none 		--sort_by none 		--ascending none 		--CPU 16 
        (one of the commands exited with non-zero exit code; note that snakemake uses bash strict mode!)
    cluster_jobid: Submitted batch job 18413870

Error executing rule merge_sites on cluster (jobid: 19, external: Submitted batch job 18413870, jobscript: /projects/pangen/analysis/hmac/applications/Griffin/snakemakes/griffin_nucleosome_profiling/.snakemake/tmp.t_vdv6dl/snakejob.merge_sites.19.sh). For error details see the cluster log and the log files of the involved rule(s).
Job failed, going on with independent jobs.
[Wed Oct 15 23:10:39 2025]
Error in rule merge_sites:
    jobid: 74
    output: /projects/pangen/analysis/hmac/applications/Griffin/snakemakes/griffin_nucleosome_profiling/results/POG1713/POG1713.uncorrected.coverage.tsv, /projects/pangen/analysis/hmac/applications/Griffin/snakemakes/griffin_nucleosome_profiling/results/POG1713/POG1713.GC_corrected.coverage.tsv, tmp/POG1713/tmp_pybedtools2
    shell:
        time /projects/pangen/analysis/hmac/applications/Griffin/scripts/griffin_merge_sites.py 		--sample_name POG1713 		--uncorrected_bw_path tmp/POG1713/tmp_bigWig/POG1713.uncorrected.bw 		--GC_corrected_bw_path tmp/POG1713/tmp_bigWig/POG1713.GC_corrected.bw 		--GC_map_corrected_bw_path none 		--mappability_correction False 		--tmp_dir tmp 		--results_dir /projects/pangen/analysis/hmac/applications/Griffin/snakemakes/griffin_nucleosome_profiling/results 		--mappability_bw /projects/pangen/analysis/hmac/applications/Griffin/Ref/k100.Umap.MultiTrackMappability.bw 		--chrom_sizes_path /projects/pangen/analysis/hmac/applications/Griffin/Ref/hg38.standard.chrom.sizes 		--sites_yaml /projects/pangen/analysis/hmac/applications/Griffin/snakemakes/griffin_nucleosome_profiling/config/sites.yaml 		--griffin_scripts /projects/pangen/analysis/hmac/applications/Griffin/scripts 		--chrom_column Chrom 		--position_column position 		--strand_column Strand 		--chroms chr1 chr2 chr3 chr4 chr5 chr6 chr7 chr8 chr9 chr10 chr11 chr12 chr13 chr14 chr15 chr16 chr17 chr18 chr19 chr20 chr21 chr22 		--norm_window -5000 5000 		--save_window -1000 1000 		--center_window -30 30 		--fft_window -960 960 		--fft_index 10 		--smoothing_length 165 		--exclude_paths /projects/pangen/analysis/hmac/applications/Griffin/Ref/encode_unified_GRCh38_exclusion_list.bed /projects/pangen/analysis/hmac/applications/Griffin/Ref/hg38_centromeres.bed /projects/pangen/analysis/hmac/applications/Griffin/Ref/hg38_gaps.bed /projects/pangen/analysis/hmac/applications/Griffin/Ref/hg38_fix_patches.bed /projects/pangen/analysis/hmac/applications/Griffin/Ref/hg38_alternative_haplotypes.bed 		--step 15 		--CNA_normalization False 		--individual False 		--smoothing True 		--exclude_outliers True 		--exclude_zero_mappability True 		--number_of_sites none 		--sort_by none 		--ascending none 		--CPU 16 
        (one of the commands exited with non-zero exit code; note that snakemake uses bash strict mode!)
    cluster_jobid: Submitted batch job 18413871

Error executing rule merge_sites on cluster (jobid: 74, external: Submitted batch job 18413871, jobscript: /projects/pangen/analysis/hmac/applications/Griffin/snakemakes/griffin_nucleosome_profiling/.snakemake/tmp.t_vdv6dl/snakejob.merge_sites.74.sh). For error details see the cluster log and the log files of the involved rule(s).
Job failed, going on with independent jobs.
[Wed Oct 15 23:10:39 2025]
Error in rule merge_sites:
    jobid: 33
    output: /projects/pangen/analysis/hmac/applications/Griffin/snakemakes/griffin_nucleosome_profiling/results/POG914/POG914.uncorrected.coverage.tsv, /projects/pangen/analysis/hmac/applications/Griffin/snakemakes/griffin_nucleosome_profiling/results/POG914/POG914.GC_corrected.coverage.tsv, tmp/POG914/tmp_pybedtools2
    shell:
        time /projects/pangen/analysis/hmac/applications/Griffin/scripts/griffin_merge_sites.py 		--sample_name POG914 		--uncorrected_bw_path tmp/POG914/tmp_bigWig/POG914.uncorrected.bw 		--GC_corrected_bw_path tmp/POG914/tmp_bigWig/POG914.GC_corrected.bw 		--GC_map_corrected_bw_path none 		--mappability_correction False 		--tmp_dir tmp 		--results_dir /projects/pangen/analysis/hmac/applications/Griffin/snakemakes/griffin_nucleosome_profiling/results 		--mappability_bw /projects/pangen/analysis/hmac/applications/Griffin/Ref/k100.Umap.MultiTrackMappability.bw 		--chrom_sizes_path /projects/pangen/analysis/hmac/applications/Griffin/Ref/hg38.standard.chrom.sizes 		--sites_yaml /projects/pangen/analysis/hmac/applications/Griffin/snakemakes/griffin_nucleosome_profiling/config/sites.yaml 		--griffin_scripts /projects/pangen/analysis/hmac/applications/Griffin/scripts 		--chrom_column Chrom 		--position_column position 		--strand_column Strand 		--chroms chr1 chr2 chr3 chr4 chr5 chr6 chr7 chr8 chr9 chr10 chr11 chr12 chr13 chr14 chr15 chr16 chr17 chr18 chr19 chr20 chr21 chr22 		--norm_window -5000 5000 		--save_window -1000 1000 		--center_window -30 30 		--fft_window -960 960 		--fft_index 10 		--smoothing_length 165 		--exclude_paths /projects/pangen/analysis/hmac/applications/Griffin/Ref/encode_unified_GRCh38_exclusion_list.bed /projects/pangen/analysis/hmac/applications/Griffin/Ref/hg38_centromeres.bed /projects/pangen/analysis/hmac/applications/Griffin/Ref/hg38_gaps.bed /projects/pangen/analysis/hmac/applications/Griffin/Ref/hg38_fix_patches.bed /projects/pangen/analysis/hmac/applications/Griffin/Ref/hg38_alternative_haplotypes.bed 		--step 15 		--CNA_normalization False 		--individual False 		--smoothing True 		--exclude_outliers True 		--exclude_zero_mappability True 		--number_of_sites none 		--sort_by none 		--ascending none 		--CPU 16 
        (one of the commands exited with non-zero exit code; note that snakemake uses bash strict mode!)
    cluster_jobid: Submitted batch job 18413873

Error executing rule merge_sites on cluster (jobid: 33, external: Submitted batch job 18413873, jobscript: /projects/pangen/analysis/hmac/applications/Griffin/snakemakes/griffin_nucleosome_profiling/.snakemake/tmp.t_vdv6dl/snakejob.merge_sites.33.sh). For error details see the cluster log and the log files of the involved rule(s).
Job failed, going on with independent jobs.
[Wed Oct 15 23:10:39 2025]
Error in rule merge_sites:
    jobid: 60
    output: /projects/pangen/analysis/hmac/applications/Griffin/snakemakes/griffin_nucleosome_profiling/results/POG798/POG798.uncorrected.coverage.tsv, /projects/pangen/analysis/hmac/applications/Griffin/snakemakes/griffin_nucleosome_profiling/results/POG798/POG798.GC_corrected.coverage.tsv, tmp/POG798/tmp_pybedtools2
    shell:
        time /projects/pangen/analysis/hmac/applications/Griffin/scripts/griffin_merge_sites.py 		--sample_name POG798 		--uncorrected_bw_path tmp/POG798/tmp_bigWig/POG798.uncorrected.bw 		--GC_corrected_bw_path tmp/POG798/tmp_bigWig/POG798.GC_corrected.bw 		--GC_map_corrected_bw_path none 		--mappability_correction False 		--tmp_dir tmp 		--results_dir /projects/pangen/analysis/hmac/applications/Griffin/snakemakes/griffin_nucleosome_profiling/results 		--mappability_bw /projects/pangen/analysis/hmac/applications/Griffin/Ref/k100.Umap.MultiTrackMappability.bw 		--chrom_sizes_path /projects/pangen/analysis/hmac/applications/Griffin/Ref/hg38.standard.chrom.sizes 		--sites_yaml /projects/pangen/analysis/hmac/applications/Griffin/snakemakes/griffin_nucleosome_profiling/config/sites.yaml 		--griffin_scripts /projects/pangen/analysis/hmac/applications/Griffin/scripts 		--chrom_column Chrom 		--position_column position 		--strand_column Strand 		--chroms chr1 chr2 chr3 chr4 chr5 chr6 chr7 chr8 chr9 chr10 chr11 chr12 chr13 chr14 chr15 chr16 chr17 chr18 chr19 chr20 chr21 chr22 		--norm_window -5000 5000 		--save_window -1000 1000 		--center_window -30 30 		--fft_window -960 960 		--fft_index 10 		--smoothing_length 165 		--exclude_paths /projects/pangen/analysis/hmac/applications/Griffin/Ref/encode_unified_GRCh38_exclusion_list.bed /projects/pangen/analysis/hmac/applications/Griffin/Ref/hg38_centromeres.bed /projects/pangen/analysis/hmac/applications/Griffin/Ref/hg38_gaps.bed /projects/pangen/analysis/hmac/applications/Griffin/Ref/hg38_fix_patches.bed /projects/pangen/analysis/hmac/applications/Griffin/Ref/hg38_alternative_haplotypes.bed 		--step 15 		--CNA_normalization False 		--individual False 		--smoothing True 		--exclude_outliers True 		--exclude_zero_mappability True 		--number_of_sites none 		--sort_by none 		--ascending none 		--CPU 16 
        (one of the commands exited with non-zero exit code; note that snakemake uses bash strict mode!)
    cluster_jobid: Submitted batch job 18413874

Error executing rule merge_sites on cluster (jobid: 60, external: Submitted batch job 18413874, jobscript: /projects/pangen/analysis/hmac/applications/Griffin/snakemakes/griffin_nucleosome_profiling/.snakemake/tmp.t_vdv6dl/snakejob.merge_sites.60.sh). For error details see the cluster log and the log files of the involved rule(s).
Job failed, going on with independent jobs.
[Wed Oct 15 23:10:39 2025]
Error in rule merge_sites:
    jobid: 59
    output: /projects/pangen/analysis/hmac/applications/Griffin/snakemakes/griffin_nucleosome_profiling/results/POG1181/POG1181.uncorrected.coverage.tsv, /projects/pangen/analysis/hmac/applications/Griffin/snakemakes/griffin_nucleosome_profiling/results/POG1181/POG1181.GC_corrected.coverage.tsv, tmp/POG1181/tmp_pybedtools2
    shell:
        time /projects/pangen/analysis/hmac/applications/Griffin/scripts/griffin_merge_sites.py 		--sample_name POG1181 		--uncorrected_bw_path tmp/POG1181/tmp_bigWig/POG1181.uncorrected.bw 		--GC_corrected_bw_path tmp/POG1181/tmp_bigWig/POG1181.GC_corrected.bw 		--GC_map_corrected_bw_path none 		--mappability_correction False 		--tmp_dir tmp 		--results_dir /projects/pangen/analysis/hmac/applications/Griffin/snakemakes/griffin_nucleosome_profiling/results 		--mappability_bw /projects/pangen/analysis/hmac/applications/Griffin/Ref/k100.Umap.MultiTrackMappability.bw 		--chrom_sizes_path /projects/pangen/analysis/hmac/applications/Griffin/Ref/hg38.standard.chrom.sizes 		--sites_yaml /projects/pangen/analysis/hmac/applications/Griffin/snakemakes/griffin_nucleosome_profiling/config/sites.yaml 		--griffin_scripts /projects/pangen/analysis/hmac/applications/Griffin/scripts 		--chrom_column Chrom 		--position_column position 		--strand_column Strand 		--chroms chr1 chr2 chr3 chr4 chr5 chr6 chr7 chr8 chr9 chr10 chr11 chr12 chr13 chr14 chr15 chr16 chr17 chr18 chr19 chr20 chr21 chr22 		--norm_window -5000 5000 		--save_window -1000 1000 		--center_window -30 30 		--fft_window -960 960 		--fft_index 10 		--smoothing_length 165 		--exclude_paths /projects/pangen/analysis/hmac/applications/Griffin/Ref/encode_unified_GRCh38_exclusion_list.bed /projects/pangen/analysis/hmac/applications/Griffin/Ref/hg38_centromeres.bed /projects/pangen/analysis/hmac/applications/Griffin/Ref/hg38_gaps.bed /projects/pangen/analysis/hmac/applications/Griffin/Ref/hg38_fix_patches.bed /projects/pangen/analysis/hmac/applications/Griffin/Ref/hg38_alternative_haplotypes.bed 		--step 15 		--CNA_normalization False 		--individual False 		--smoothing True 		--exclude_outliers True 		--exclude_zero_mappability True 		--number_of_sites none 		--sort_by none 		--ascending none 		--CPU 16 
        (one of the commands exited with non-zero exit code; note that snakemake uses bash strict mode!)
    cluster_jobid: Submitted batch job 18413875

Error executing rule merge_sites on cluster (jobid: 59, external: Submitted batch job 18413875, jobscript: /projects/pangen/analysis/hmac/applications/Griffin/snakemakes/griffin_nucleosome_profiling/.snakemake/tmp.t_vdv6dl/snakejob.merge_sites.59.sh). For error details see the cluster log and the log files of the involved rule(s).
Job failed, going on with independent jobs.
[Wed Oct 15 23:10:39 2025]
Error in rule merge_sites:
    jobid: 2
    output: /projects/pangen/analysis/hmac/applications/Griffin/snakemakes/griffin_nucleosome_profiling/results/POG793/POG793.uncorrected.coverage.tsv, /projects/pangen/analysis/hmac/applications/Griffin/snakemakes/griffin_nucleosome_profiling/results/POG793/POG793.GC_corrected.coverage.tsv, tmp/POG793/tmp_pybedtools2
    shell:
        time /projects/pangen/analysis/hmac/applications/Griffin/scripts/griffin_merge_sites.py 		--sample_name POG793 		--uncorrected_bw_path tmp/POG793/tmp_bigWig/POG793.uncorrected.bw 		--GC_corrected_bw_path tmp/POG793/tmp_bigWig/POG793.GC_corrected.bw 		--GC_map_corrected_bw_path none 		--mappability_correction False 		--tmp_dir tmp 		--results_dir /projects/pangen/analysis/hmac/applications/Griffin/snakemakes/griffin_nucleosome_profiling/results 		--mappability_bw /projects/pangen/analysis/hmac/applications/Griffin/Ref/k100.Umap.MultiTrackMappability.bw 		--chrom_sizes_path /projects/pangen/analysis/hmac/applications/Griffin/Ref/hg38.standard.chrom.sizes 		--sites_yaml /projects/pangen/analysis/hmac/applications/Griffin/snakemakes/griffin_nucleosome_profiling/config/sites.yaml 		--griffin_scripts /projects/pangen/analysis/hmac/applications/Griffin/scripts 		--chrom_column Chrom 		--position_column position 		--strand_column Strand 		--chroms chr1 chr2 chr3 chr4 chr5 chr6 chr7 chr8 chr9 chr10 chr11 chr12 chr13 chr14 chr15 chr16 chr17 chr18 chr19 chr20 chr21 chr22 		--norm_window -5000 5000 		--save_window -1000 1000 		--center_window -30 30 		--fft_window -960 960 		--fft_index 10 		--smoothing_length 165 		--exclude_paths /projects/pangen/analysis/hmac/applications/Griffin/Ref/encode_unified_GRCh38_exclusion_list.bed /projects/pangen/analysis/hmac/applications/Griffin/Ref/hg38_centromeres.bed /projects/pangen/analysis/hmac/applications/Griffin/Ref/hg38_gaps.bed /projects/pangen/analysis/hmac/applications/Griffin/Ref/hg38_fix_patches.bed /projects/pangen/analysis/hmac/applications/Griffin/Ref/hg38_alternative_haplotypes.bed 		--step 15 		--CNA_normalization False 		--individual False 		--smoothing True 		--exclude_outliers True 		--exclude_zero_mappability True 		--number_of_sites none 		--sort_by none 		--ascending none 		--CPU 16 
        (one of the commands exited with non-zero exit code; note that snakemake uses bash strict mode!)
    cluster_jobid: Submitted batch job 18413876

Error executing rule merge_sites on cluster (jobid: 2, external: Submitted batch job 18413876, jobscript: /projects/pangen/analysis/hmac/applications/Griffin/snakemakes/griffin_nucleosome_profiling/.snakemake/tmp.t_vdv6dl/snakejob.merge_sites.2.sh). For error details see the cluster log and the log files of the involved rule(s).
Job failed, going on with independent jobs.
[Wed Oct 15 23:10:39 2025]
Error in rule merge_sites:
    jobid: 32
    output: /projects/pangen/analysis/hmac/applications/Griffin/snakemakes/griffin_nucleosome_profiling/results/PAN047/PAN047.uncorrected.coverage.tsv, /projects/pangen/analysis/hmac/applications/Griffin/snakemakes/griffin_nucleosome_profiling/results/PAN047/PAN047.GC_corrected.coverage.tsv, tmp/PAN047/tmp_pybedtools2
    shell:
        time /projects/pangen/analysis/hmac/applications/Griffin/scripts/griffin_merge_sites.py 		--sample_name PAN047 		--uncorrected_bw_path tmp/PAN047/tmp_bigWig/PAN047.uncorrected.bw 		--GC_corrected_bw_path tmp/PAN047/tmp_bigWig/PAN047.GC_corrected.bw 		--GC_map_corrected_bw_path none 		--mappability_correction False 		--tmp_dir tmp 		--results_dir /projects/pangen/analysis/hmac/applications/Griffin/snakemakes/griffin_nucleosome_profiling/results 		--mappability_bw /projects/pangen/analysis/hmac/applications/Griffin/Ref/k100.Umap.MultiTrackMappability.bw 		--chrom_sizes_path /projects/pangen/analysis/hmac/applications/Griffin/Ref/hg38.standard.chrom.sizes 		--sites_yaml /projects/pangen/analysis/hmac/applications/Griffin/snakemakes/griffin_nucleosome_profiling/config/sites.yaml 		--griffin_scripts /projects/pangen/analysis/hmac/applications/Griffin/scripts 		--chrom_column Chrom 		--position_column position 		--strand_column Strand 		--chroms chr1 chr2 chr3 chr4 chr5 chr6 chr7 chr8 chr9 chr10 chr11 chr12 chr13 chr14 chr15 chr16 chr17 chr18 chr19 chr20 chr21 chr22 		--norm_window -5000 5000 		--save_window -1000 1000 		--center_window -30 30 		--fft_window -960 960 		--fft_index 10 		--smoothing_length 165 		--exclude_paths /projects/pangen/analysis/hmac/applications/Griffin/Ref/encode_unified_GRCh38_exclusion_list.bed /projects/pangen/analysis/hmac/applications/Griffin/Ref/hg38_centromeres.bed /projects/pangen/analysis/hmac/applications/Griffin/Ref/hg38_gaps.bed /projects/pangen/analysis/hmac/applications/Griffin/Ref/hg38_fix_patches.bed /projects/pangen/analysis/hmac/applications/Griffin/Ref/hg38_alternative_haplotypes.bed 		--step 15 		--CNA_normalization False 		--individual False 		--smoothing True 		--exclude_outliers True 		--exclude_zero_mappability True 		--number_of_sites none 		--sort_by none 		--ascending none 		--CPU 16 
        (one of the commands exited with non-zero exit code; note that snakemake uses bash strict mode!)
    cluster_jobid: Submitted batch job 18413877

Error executing rule merge_sites on cluster (jobid: 32, external: Submitted batch job 18413877, jobscript: /projects/pangen/analysis/hmac/applications/Griffin/snakemakes/griffin_nucleosome_profiling/.snakemake/tmp.t_vdv6dl/snakejob.merge_sites.32.sh). For error details see the cluster log and the log files of the involved rule(s).
Job failed, going on with independent jobs.
[Wed Oct 15 23:10:40 2025]
Error in rule merge_sites:
    jobid: 8
    output: /projects/pangen/analysis/hmac/applications/Griffin/snakemakes/griffin_nucleosome_profiling/results/POG955/POG955.uncorrected.coverage.tsv, /projects/pangen/analysis/hmac/applications/Griffin/snakemakes/griffin_nucleosome_profiling/results/POG955/POG955.GC_corrected.coverage.tsv, tmp/POG955/tmp_pybedtools2
    shell:
        time /projects/pangen/analysis/hmac/applications/Griffin/scripts/griffin_merge_sites.py 		--sample_name POG955 		--uncorrected_bw_path tmp/POG955/tmp_bigWig/POG955.uncorrected.bw 		--GC_corrected_bw_path tmp/POG955/tmp_bigWig/POG955.GC_corrected.bw 		--GC_map_corrected_bw_path none 		--mappability_correction False 		--tmp_dir tmp 		--results_dir /projects/pangen/analysis/hmac/applications/Griffin/snakemakes/griffin_nucleosome_profiling/results 		--mappability_bw /projects/pangen/analysis/hmac/applications/Griffin/Ref/k100.Umap.MultiTrackMappability.bw 		--chrom_sizes_path /projects/pangen/analysis/hmac/applications/Griffin/Ref/hg38.standard.chrom.sizes 		--sites_yaml /projects/pangen/analysis/hmac/applications/Griffin/snakemakes/griffin_nucleosome_profiling/config/sites.yaml 		--griffin_scripts /projects/pangen/analysis/hmac/applications/Griffin/scripts 		--chrom_column Chrom 		--position_column position 		--strand_column Strand 		--chroms chr1 chr2 chr3 chr4 chr5 chr6 chr7 chr8 chr9 chr10 chr11 chr12 chr13 chr14 chr15 chr16 chr17 chr18 chr19 chr20 chr21 chr22 		--norm_window -5000 5000 		--save_window -1000 1000 		--center_window -30 30 		--fft_window -960 960 		--fft_index 10 		--smoothing_length 165 		--exclude_paths /projects/pangen/analysis/hmac/applications/Griffin/Ref/encode_unified_GRCh38_exclusion_list.bed /projects/pangen/analysis/hmac/applications/Griffin/Ref/hg38_centromeres.bed /projects/pangen/analysis/hmac/applications/Griffin/Ref/hg38_gaps.bed /projects/pangen/analysis/hmac/applications/Griffin/Ref/hg38_fix_patches.bed /projects/pangen/analysis/hmac/applications/Griffin/Ref/hg38_alternative_haplotypes.bed 		--step 15 		--CNA_normalization False 		--individual False 		--smoothing True 		--exclude_outliers True 		--exclude_zero_mappability True 		--number_of_sites none 		--sort_by none 		--ascending none 		--CPU 16 
        (one of the commands exited with non-zero exit code; note that snakemake uses bash strict mode!)
    cluster_jobid: Submitted batch job 18413449

Error executing rule merge_sites on cluster (jobid: 8, external: Submitted batch job 18413449, jobscript: /projects/pangen/analysis/hmac/applications/Griffin/snakemakes/griffin_nucleosome_profiling/.snakemake/tmp.t_vdv6dl/snakejob.merge_sites.8.sh). For error details see the cluster log and the log files of the involved rule(s).
Job failed, going on with independent jobs.
[Wed Oct 15 23:11:20 2025]
Error in rule merge_sites:
    jobid: 71
    output: /projects/pangen/analysis/hmac/applications/Griffin/snakemakes/griffin_nucleosome_profiling/results/POG1195/POG1195.uncorrected.coverage.tsv, /projects/pangen/analysis/hmac/applications/Griffin/snakemakes/griffin_nucleosome_profiling/results/POG1195/POG1195.GC_corrected.coverage.tsv, tmp/POG1195/tmp_pybedtools2
    shell:
        time /projects/pangen/analysis/hmac/applications/Griffin/scripts/griffin_merge_sites.py 		--sample_name POG1195 		--uncorrected_bw_path tmp/POG1195/tmp_bigWig/POG1195.uncorrected.bw 		--GC_corrected_bw_path tmp/POG1195/tmp_bigWig/POG1195.GC_corrected.bw 		--GC_map_corrected_bw_path none 		--mappability_correction False 		--tmp_dir tmp 		--results_dir /projects/pangen/analysis/hmac/applications/Griffin/snakemakes/griffin_nucleosome_profiling/results 		--mappability_bw /projects/pangen/analysis/hmac/applications/Griffin/Ref/k100.Umap.MultiTrackMappability.bw 		--chrom_sizes_path /projects/pangen/analysis/hmac/applications/Griffin/Ref/hg38.standard.chrom.sizes 		--sites_yaml /projects/pangen/analysis/hmac/applications/Griffin/snakemakes/griffin_nucleosome_profiling/config/sites.yaml 		--griffin_scripts /projects/pangen/analysis/hmac/applications/Griffin/scripts 		--chrom_column Chrom 		--position_column position 		--strand_column Strand 		--chroms chr1 chr2 chr3 chr4 chr5 chr6 chr7 chr8 chr9 chr10 chr11 chr12 chr13 chr14 chr15 chr16 chr17 chr18 chr19 chr20 chr21 chr22 		--norm_window -5000 5000 		--save_window -1000 1000 		--center_window -30 30 		--fft_window -960 960 		--fft_index 10 		--smoothing_length 165 		--exclude_paths /projects/pangen/analysis/hmac/applications/Griffin/Ref/encode_unified_GRCh38_exclusion_list.bed /projects/pangen/analysis/hmac/applications/Griffin/Ref/hg38_centromeres.bed /projects/pangen/analysis/hmac/applications/Griffin/Ref/hg38_gaps.bed /projects/pangen/analysis/hmac/applications/Griffin/Ref/hg38_fix_patches.bed /projects/pangen/analysis/hmac/applications/Griffin/Ref/hg38_alternative_haplotypes.bed 		--step 15 		--CNA_normalization False 		--individual False 		--smoothing True 		--exclude_outliers True 		--exclude_zero_mappability True 		--number_of_sites none 		--sort_by none 		--ascending none 		--CPU 16 
        (one of the commands exited with non-zero exit code; note that snakemake uses bash strict mode!)
    cluster_jobid: Submitted batch job 18413872

Error executing rule merge_sites on cluster (jobid: 71, external: Submitted batch job 18413872, jobscript: /projects/pangen/analysis/hmac/applications/Griffin/snakemakes/griffin_nucleosome_profiling/.snakemake/tmp.t_vdv6dl/snakejob.merge_sites.71.sh). For error details see the cluster log and the log files of the involved rule(s).
Job failed, going on with independent jobs.
[Wed Oct 15 23:16:01 2025]
Error in rule merge_sites:
    jobid: 72
    output: /projects/pangen/analysis/hmac/applications/Griffin/snakemakes/griffin_nucleosome_profiling/results/POG1156/POG1156.uncorrected.coverage.tsv, /projects/pangen/analysis/hmac/applications/Griffin/snakemakes/griffin_nucleosome_profiling/results/POG1156/POG1156.GC_corrected.coverage.tsv, tmp/POG1156/tmp_pybedtools2
    shell:
        time /projects/pangen/analysis/hmac/applications/Griffin/scripts/griffin_merge_sites.py 		--sample_name POG1156 		--uncorrected_bw_path tmp/POG1156/tmp_bigWig/POG1156.uncorrected.bw 		--GC_corrected_bw_path tmp/POG1156/tmp_bigWig/POG1156.GC_corrected.bw 		--GC_map_corrected_bw_path none 		--mappability_correction False 		--tmp_dir tmp 		--results_dir /projects/pangen/analysis/hmac/applications/Griffin/snakemakes/griffin_nucleosome_profiling/results 		--mappability_bw /projects/pangen/analysis/hmac/applications/Griffin/Ref/k100.Umap.MultiTrackMappability.bw 		--chrom_sizes_path /projects/pangen/analysis/hmac/applications/Griffin/Ref/hg38.standard.chrom.sizes 		--sites_yaml /projects/pangen/analysis/hmac/applications/Griffin/snakemakes/griffin_nucleosome_profiling/config/sites.yaml 		--griffin_scripts /projects/pangen/analysis/hmac/applications/Griffin/scripts 		--chrom_column Chrom 		--position_column position 		--strand_column Strand 		--chroms chr1 chr2 chr3 chr4 chr5 chr6 chr7 chr8 chr9 chr10 chr11 chr12 chr13 chr14 chr15 chr16 chr17 chr18 chr19 chr20 chr21 chr22 		--norm_window -5000 5000 		--save_window -1000 1000 		--center_window -30 30 		--fft_window -960 960 		--fft_index 10 		--smoothing_length 165 		--exclude_paths /projects/pangen/analysis/hmac/applications/Griffin/Ref/encode_unified_GRCh38_exclusion_list.bed /projects/pangen/analysis/hmac/applications/Griffin/Ref/hg38_centromeres.bed /projects/pangen/analysis/hmac/applications/Griffin/Ref/hg38_gaps.bed /projects/pangen/analysis/hmac/applications/Griffin/Ref/hg38_fix_patches.bed /projects/pangen/analysis/hmac/applications/Griffin/Ref/hg38_alternative_haplotypes.bed 		--step 15 		--CNA_normalization False 		--individual False 		--smoothing True 		--exclude_outliers True 		--exclude_zero_mappability True 		--number_of_sites none 		--sort_by none 		--ascending none 		--CPU 16 
        (one of the commands exited with non-zero exit code; note that snakemake uses bash strict mode!)
    cluster_jobid: Submitted batch job 18413900

Error executing rule merge_sites on cluster (jobid: 72, external: Submitted batch job 18413900, jobscript: /projects/pangen/analysis/hmac/applications/Griffin/snakemakes/griffin_nucleosome_profiling/.snakemake/tmp.t_vdv6dl/snakejob.merge_sites.72.sh). For error details see the cluster log and the log files of the involved rule(s).
Job failed, going on with independent jobs.
[Wed Oct 15 23:16:01 2025]
Error in rule merge_sites:
    jobid: 31
    output: /projects/pangen/analysis/hmac/applications/Griffin/snakemakes/griffin_nucleosome_profiling/results/POG1279/POG1279.uncorrected.coverage.tsv, /projects/pangen/analysis/hmac/applications/Griffin/snakemakes/griffin_nucleosome_profiling/results/POG1279/POG1279.GC_corrected.coverage.tsv, tmp/POG1279/tmp_pybedtools2
    shell:
        time /projects/pangen/analysis/hmac/applications/Griffin/scripts/griffin_merge_sites.py 		--sample_name POG1279 		--uncorrected_bw_path tmp/POG1279/tmp_bigWig/POG1279.uncorrected.bw 		--GC_corrected_bw_path tmp/POG1279/tmp_bigWig/POG1279.GC_corrected.bw 		--GC_map_corrected_bw_path none 		--mappability_correction False 		--tmp_dir tmp 		--results_dir /projects/pangen/analysis/hmac/applications/Griffin/snakemakes/griffin_nucleosome_profiling/results 		--mappability_bw /projects/pangen/analysis/hmac/applications/Griffin/Ref/k100.Umap.MultiTrackMappability.bw 		--chrom_sizes_path /projects/pangen/analysis/hmac/applications/Griffin/Ref/hg38.standard.chrom.sizes 		--sites_yaml /projects/pangen/analysis/hmac/applications/Griffin/snakemakes/griffin_nucleosome_profiling/config/sites.yaml 		--griffin_scripts /projects/pangen/analysis/hmac/applications/Griffin/scripts 		--chrom_column Chrom 		--position_column position 		--strand_column Strand 		--chroms chr1 chr2 chr3 chr4 chr5 chr6 chr7 chr8 chr9 chr10 chr11 chr12 chr13 chr14 chr15 chr16 chr17 chr18 chr19 chr20 chr21 chr22 		--norm_window -5000 5000 		--save_window -1000 1000 		--center_window -30 30 		--fft_window -960 960 		--fft_index 10 		--smoothing_length 165 		--exclude_paths /projects/pangen/analysis/hmac/applications/Griffin/Ref/encode_unified_GRCh38_exclusion_list.bed /projects/pangen/analysis/hmac/applications/Griffin/Ref/hg38_centromeres.bed /projects/pangen/analysis/hmac/applications/Griffin/Ref/hg38_gaps.bed /projects/pangen/analysis/hmac/applications/Griffin/Ref/hg38_fix_patches.bed /projects/pangen/analysis/hmac/applications/Griffin/Ref/hg38_alternative_haplotypes.bed 		--step 15 		--CNA_normalization False 		--individual False 		--smoothing True 		--exclude_outliers True 		--exclude_zero_mappability True 		--number_of_sites none 		--sort_by none 		--ascending none 		--CPU 16 
        (one of the commands exited with non-zero exit code; note that snakemake uses bash strict mode!)
    cluster_jobid: Submitted batch job 18413902

Error executing rule merge_sites on cluster (jobid: 31, external: Submitted batch job 18413902, jobscript: /projects/pangen/analysis/hmac/applications/Griffin/snakemakes/griffin_nucleosome_profiling/.snakemake/tmp.t_vdv6dl/snakejob.merge_sites.31.sh). For error details see the cluster log and the log files of the involved rule(s).
Job failed, going on with independent jobs.
[Wed Oct 15 23:16:01 2025]
Error in rule merge_sites:
    jobid: 67
    output: /projects/pangen/analysis/hmac/applications/Griffin/snakemakes/griffin_nucleosome_profiling/results/POG1146/POG1146.uncorrected.coverage.tsv, /projects/pangen/analysis/hmac/applications/Griffin/snakemakes/griffin_nucleosome_profiling/results/POG1146/POG1146.GC_corrected.coverage.tsv, tmp/POG1146/tmp_pybedtools2
    shell:
        time /projects/pangen/analysis/hmac/applications/Griffin/scripts/griffin_merge_sites.py 		--sample_name POG1146 		--uncorrected_bw_path tmp/POG1146/tmp_bigWig/POG1146.uncorrected.bw 		--GC_corrected_bw_path tmp/POG1146/tmp_bigWig/POG1146.GC_corrected.bw 		--GC_map_corrected_bw_path none 		--mappability_correction False 		--tmp_dir tmp 		--results_dir /projects/pangen/analysis/hmac/applications/Griffin/snakemakes/griffin_nucleosome_profiling/results 		--mappability_bw /projects/pangen/analysis/hmac/applications/Griffin/Ref/k100.Umap.MultiTrackMappability.bw 		--chrom_sizes_path /projects/pangen/analysis/hmac/applications/Griffin/Ref/hg38.standard.chrom.sizes 		--sites_yaml /projects/pangen/analysis/hmac/applications/Griffin/snakemakes/griffin_nucleosome_profiling/config/sites.yaml 		--griffin_scripts /projects/pangen/analysis/hmac/applications/Griffin/scripts 		--chrom_column Chrom 		--position_column position 		--strand_column Strand 		--chroms chr1 chr2 chr3 chr4 chr5 chr6 chr7 chr8 chr9 chr10 chr11 chr12 chr13 chr14 chr15 chr16 chr17 chr18 chr19 chr20 chr21 chr22 		--norm_window -5000 5000 		--save_window -1000 1000 		--center_window -30 30 		--fft_window -960 960 		--fft_index 10 		--smoothing_length 165 		--exclude_paths /projects/pangen/analysis/hmac/applications/Griffin/Ref/encode_unified_GRCh38_exclusion_list.bed /projects/pangen/analysis/hmac/applications/Griffin/Ref/hg38_centromeres.bed /projects/pangen/analysis/hmac/applications/Griffin/Ref/hg38_gaps.bed /projects/pangen/analysis/hmac/applications/Griffin/Ref/hg38_fix_patches.bed /projects/pangen/analysis/hmac/applications/Griffin/Ref/hg38_alternative_haplotypes.bed 		--step 15 		--CNA_normalization False 		--individual False 		--smoothing True 		--exclude_outliers True 		--exclude_zero_mappability True 		--number_of_sites none 		--sort_by none 		--ascending none 		--CPU 16 
        (one of the commands exited with non-zero exit code; note that snakemake uses bash strict mode!)
    cluster_jobid: Submitted batch job 18413878

Error executing rule merge_sites on cluster (jobid: 67, external: Submitted batch job 18413878, jobscript: /projects/pangen/analysis/hmac/applications/Griffin/snakemakes/griffin_nucleosome_profiling/.snakemake/tmp.t_vdv6dl/snakejob.merge_sites.67.sh). For error details see the cluster log and the log files of the involved rule(s).
Job failed, going on with independent jobs.
[Wed Oct 15 23:16:01 2025]
Error in rule merge_sites:
    jobid: 51
    output: /projects/pangen/analysis/hmac/applications/Griffin/snakemakes/griffin_nucleosome_profiling/results/POG1003/POG1003.uncorrected.coverage.tsv, /projects/pangen/analysis/hmac/applications/Griffin/snakemakes/griffin_nucleosome_profiling/results/POG1003/POG1003.GC_corrected.coverage.tsv, tmp/POG1003/tmp_pybedtools2
    shell:
        time /projects/pangen/analysis/hmac/applications/Griffin/scripts/griffin_merge_sites.py 		--sample_name POG1003 		--uncorrected_bw_path tmp/POG1003/tmp_bigWig/POG1003.uncorrected.bw 		--GC_corrected_bw_path tmp/POG1003/tmp_bigWig/POG1003.GC_corrected.bw 		--GC_map_corrected_bw_path none 		--mappability_correction False 		--tmp_dir tmp 		--results_dir /projects/pangen/analysis/hmac/applications/Griffin/snakemakes/griffin_nucleosome_profiling/results 		--mappability_bw /projects/pangen/analysis/hmac/applications/Griffin/Ref/k100.Umap.MultiTrackMappability.bw 		--chrom_sizes_path /projects/pangen/analysis/hmac/applications/Griffin/Ref/hg38.standard.chrom.sizes 		--sites_yaml /projects/pangen/analysis/hmac/applications/Griffin/snakemakes/griffin_nucleosome_profiling/config/sites.yaml 		--griffin_scripts /projects/pangen/analysis/hmac/applications/Griffin/scripts 		--chrom_column Chrom 		--position_column position 		--strand_column Strand 		--chroms chr1 chr2 chr3 chr4 chr5 chr6 chr7 chr8 chr9 chr10 chr11 chr12 chr13 chr14 chr15 chr16 chr17 chr18 chr19 chr20 chr21 chr22 		--norm_window -5000 5000 		--save_window -1000 1000 		--center_window -30 30 		--fft_window -960 960 		--fft_index 10 		--smoothing_length 165 		--exclude_paths /projects/pangen/analysis/hmac/applications/Griffin/Ref/encode_unified_GRCh38_exclusion_list.bed /projects/pangen/analysis/hmac/applications/Griffin/Ref/hg38_centromeres.bed /projects/pangen/analysis/hmac/applications/Griffin/Ref/hg38_gaps.bed /projects/pangen/analysis/hmac/applications/Griffin/Ref/hg38_fix_patches.bed /projects/pangen/analysis/hmac/applications/Griffin/Ref/hg38_alternative_haplotypes.bed 		--step 15 		--CNA_normalization False 		--individual False 		--smoothing True 		--exclude_outliers True 		--exclude_zero_mappability True 		--number_of_sites none 		--sort_by none 		--ascending none 		--CPU 16 
        (one of the commands exited with non-zero exit code; note that snakemake uses bash strict mode!)
    cluster_jobid: Submitted batch job 18413879

Error executing rule merge_sites on cluster (jobid: 51, external: Submitted batch job 18413879, jobscript: /projects/pangen/analysis/hmac/applications/Griffin/snakemakes/griffin_nucleosome_profiling/.snakemake/tmp.t_vdv6dl/snakejob.merge_sites.51.sh). For error details see the cluster log and the log files of the involved rule(s).
Job failed, going on with independent jobs.
[Wed Oct 15 23:16:41 2025]
Error in rule merge_sites:
    jobid: 12
    output: /projects/pangen/analysis/hmac/applications/Griffin/snakemakes/griffin_nucleosome_profiling/results/POG1135/POG1135.uncorrected.coverage.tsv, /projects/pangen/analysis/hmac/applications/Griffin/snakemakes/griffin_nucleosome_profiling/results/POG1135/POG1135.GC_corrected.coverage.tsv, tmp/POG1135/tmp_pybedtools2
    shell:
        time /projects/pangen/analysis/hmac/applications/Griffin/scripts/griffin_merge_sites.py 		--sample_name POG1135 		--uncorrected_bw_path tmp/POG1135/tmp_bigWig/POG1135.uncorrected.bw 		--GC_corrected_bw_path tmp/POG1135/tmp_bigWig/POG1135.GC_corrected.bw 		--GC_map_corrected_bw_path none 		--mappability_correction False 		--tmp_dir tmp 		--results_dir /projects/pangen/analysis/hmac/applications/Griffin/snakemakes/griffin_nucleosome_profiling/results 		--mappability_bw /projects/pangen/analysis/hmac/applications/Griffin/Ref/k100.Umap.MultiTrackMappability.bw 		--chrom_sizes_path /projects/pangen/analysis/hmac/applications/Griffin/Ref/hg38.standard.chrom.sizes 		--sites_yaml /projects/pangen/analysis/hmac/applications/Griffin/snakemakes/griffin_nucleosome_profiling/config/sites.yaml 		--griffin_scripts /projects/pangen/analysis/hmac/applications/Griffin/scripts 		--chrom_column Chrom 		--position_column position 		--strand_column Strand 		--chroms chr1 chr2 chr3 chr4 chr5 chr6 chr7 chr8 chr9 chr10 chr11 chr12 chr13 chr14 chr15 chr16 chr17 chr18 chr19 chr20 chr21 chr22 		--norm_window -5000 5000 		--save_window -1000 1000 		--center_window -30 30 		--fft_window -960 960 		--fft_index 10 		--smoothing_length 165 		--exclude_paths /projects/pangen/analysis/hmac/applications/Griffin/Ref/encode_unified_GRCh38_exclusion_list.bed /projects/pangen/analysis/hmac/applications/Griffin/Ref/hg38_centromeres.bed /projects/pangen/analysis/hmac/applications/Griffin/Ref/hg38_gaps.bed /projects/pangen/analysis/hmac/applications/Griffin/Ref/hg38_fix_patches.bed /projects/pangen/analysis/hmac/applications/Griffin/Ref/hg38_alternative_haplotypes.bed 		--step 15 		--CNA_normalization False 		--individual False 		--smoothing True 		--exclude_outliers True 		--exclude_zero_mappability True 		--number_of_sites none 		--sort_by none 		--ascending none 		--CPU 16 
        (one of the commands exited with non-zero exit code; note that snakemake uses bash strict mode!)
    cluster_jobid: Submitted batch job 18413901

Error executing rule merge_sites on cluster (jobid: 12, external: Submitted batch job 18413901, jobscript: /projects/pangen/analysis/hmac/applications/Griffin/snakemakes/griffin_nucleosome_profiling/.snakemake/tmp.t_vdv6dl/snakejob.merge_sites.12.sh). For error details see the cluster log and the log files of the involved rule(s).
Job failed, going on with independent jobs.
[Wed Oct 15 23:20:21 2025]
Error in rule merge_sites:
    jobid: 30
    output: /projects/pangen/analysis/hmac/applications/Griffin/snakemakes/griffin_nucleosome_profiling/results/PAN044/PAN044.uncorrected.coverage.tsv, /projects/pangen/analysis/hmac/applications/Griffin/snakemakes/griffin_nucleosome_profiling/results/PAN044/PAN044.GC_corrected.coverage.tsv, tmp/PAN044/tmp_pybedtools2
    shell:
        time /projects/pangen/analysis/hmac/applications/Griffin/scripts/griffin_merge_sites.py 		--sample_name PAN044 		--uncorrected_bw_path tmp/PAN044/tmp_bigWig/PAN044.uncorrected.bw 		--GC_corrected_bw_path tmp/PAN044/tmp_bigWig/PAN044.GC_corrected.bw 		--GC_map_corrected_bw_path none 		--mappability_correction False 		--tmp_dir tmp 		--results_dir /projects/pangen/analysis/hmac/applications/Griffin/snakemakes/griffin_nucleosome_profiling/results 		--mappability_bw /projects/pangen/analysis/hmac/applications/Griffin/Ref/k100.Umap.MultiTrackMappability.bw 		--chrom_sizes_path /projects/pangen/analysis/hmac/applications/Griffin/Ref/hg38.standard.chrom.sizes 		--sites_yaml /projects/pangen/analysis/hmac/applications/Griffin/snakemakes/griffin_nucleosome_profiling/config/sites.yaml 		--griffin_scripts /projects/pangen/analysis/hmac/applications/Griffin/scripts 		--chrom_column Chrom 		--position_column position 		--strand_column Strand 		--chroms chr1 chr2 chr3 chr4 chr5 chr6 chr7 chr8 chr9 chr10 chr11 chr12 chr13 chr14 chr15 chr16 chr17 chr18 chr19 chr20 chr21 chr22 		--norm_window -5000 5000 		--save_window -1000 1000 		--center_window -30 30 		--fft_window -960 960 		--fft_index 10 		--smoothing_length 165 		--exclude_paths /projects/pangen/analysis/hmac/applications/Griffin/Ref/encode_unified_GRCh38_exclusion_list.bed /projects/pangen/analysis/hmac/applications/Griffin/Ref/hg38_centromeres.bed /projects/pangen/analysis/hmac/applications/Griffin/Ref/hg38_gaps.bed /projects/pangen/analysis/hmac/applications/Griffin/Ref/hg38_fix_patches.bed /projects/pangen/analysis/hmac/applications/Griffin/Ref/hg38_alternative_haplotypes.bed 		--step 15 		--CNA_normalization False 		--individual False 		--smoothing True 		--exclude_outliers True 		--exclude_zero_mappability True 		--number_of_sites none 		--sort_by none 		--ascending none 		--CPU 16 
        (one of the commands exited with non-zero exit code; note that snakemake uses bash strict mode!)
    cluster_jobid: Submitted batch job 18413903

Error executing rule merge_sites on cluster (jobid: 30, external: Submitted batch job 18413903, jobscript: /projects/pangen/analysis/hmac/applications/Griffin/snakemakes/griffin_nucleosome_profiling/.snakemake/tmp.t_vdv6dl/snakejob.merge_sites.30.sh). For error details see the cluster log and the log files of the involved rule(s).
Job failed, going on with independent jobs.
[Thu Oct 16 00:26:05 2025]
Error in rule merge_sites:
    jobid: 24
    output: /projects/pangen/analysis/hmac/applications/Griffin/snakemakes/griffin_nucleosome_profiling/results/POG1804/POG1804.uncorrected.coverage.tsv, /projects/pangen/analysis/hmac/applications/Griffin/snakemakes/griffin_nucleosome_profiling/results/POG1804/POG1804.GC_corrected.coverage.tsv, tmp/POG1804/tmp_pybedtools2
    shell:
        time /projects/pangen/analysis/hmac/applications/Griffin/scripts/griffin_merge_sites.py 		--sample_name POG1804 		--uncorrected_bw_path tmp/POG1804/tmp_bigWig/POG1804.uncorrected.bw 		--GC_corrected_bw_path tmp/POG1804/tmp_bigWig/POG1804.GC_corrected.bw 		--GC_map_corrected_bw_path none 		--mappability_correction False 		--tmp_dir tmp 		--results_dir /projects/pangen/analysis/hmac/applications/Griffin/snakemakes/griffin_nucleosome_profiling/results 		--mappability_bw /projects/pangen/analysis/hmac/applications/Griffin/Ref/k100.Umap.MultiTrackMappability.bw 		--chrom_sizes_path /projects/pangen/analysis/hmac/applications/Griffin/Ref/hg38.standard.chrom.sizes 		--sites_yaml /projects/pangen/analysis/hmac/applications/Griffin/snakemakes/griffin_nucleosome_profiling/config/sites.yaml 		--griffin_scripts /projects/pangen/analysis/hmac/applications/Griffin/scripts 		--chrom_column Chrom 		--position_column position 		--strand_column Strand 		--chroms chr1 chr2 chr3 chr4 chr5 chr6 chr7 chr8 chr9 chr10 chr11 chr12 chr13 chr14 chr15 chr16 chr17 chr18 chr19 chr20 chr21 chr22 		--norm_window -5000 5000 		--save_window -1000 1000 		--center_window -30 30 		--fft_window -960 960 		--fft_index 10 		--smoothing_length 165 		--exclude_paths /projects/pangen/analysis/hmac/applications/Griffin/Ref/encode_unified_GRCh38_exclusion_list.bed /projects/pangen/analysis/hmac/applications/Griffin/Ref/hg38_centromeres.bed /projects/pangen/analysis/hmac/applications/Griffin/Ref/hg38_gaps.bed /projects/pangen/analysis/hmac/applications/Griffin/Ref/hg38_fix_patches.bed /projects/pangen/analysis/hmac/applications/Griffin/Ref/hg38_alternative_haplotypes.bed 		--step 15 		--CNA_normalization False 		--individual False 		--smoothing True 		--exclude_outliers True 		--exclude_zero_mappability True 		--number_of_sites none 		--sort_by none 		--ascending none 		--CPU 16 
        (one of the commands exited with non-zero exit code; note that snakemake uses bash strict mode!)
    cluster_jobid: Submitted batch job 18413904

Error executing rule merge_sites on cluster (jobid: 24, external: Submitted batch job 18413904, jobscript: /projects/pangen/analysis/hmac/applications/Griffin/snakemakes/griffin_nucleosome_profiling/.snakemake/tmp.t_vdv6dl/snakejob.merge_sites.24.sh). For error details see the cluster log and the log files of the involved rule(s).
Job failed, going on with independent jobs.
[Thu Oct 16 00:36:46 2025]
Error in rule merge_sites:
    jobid: 36
    output: /projects/pangen/analysis/hmac/applications/Griffin/snakemakes/griffin_nucleosome_profiling/results/POG1099/POG1099.uncorrected.coverage.tsv, /projects/pangen/analysis/hmac/applications/Griffin/snakemakes/griffin_nucleosome_profiling/results/POG1099/POG1099.GC_corrected.coverage.tsv, tmp/POG1099/tmp_pybedtools2
    shell:
        time /projects/pangen/analysis/hmac/applications/Griffin/scripts/griffin_merge_sites.py 		--sample_name POG1099 		--uncorrected_bw_path tmp/POG1099/tmp_bigWig/POG1099.uncorrected.bw 		--GC_corrected_bw_path tmp/POG1099/tmp_bigWig/POG1099.GC_corrected.bw 		--GC_map_corrected_bw_path none 		--mappability_correction False 		--tmp_dir tmp 		--results_dir /projects/pangen/analysis/hmac/applications/Griffin/snakemakes/griffin_nucleosome_profiling/results 		--mappability_bw /projects/pangen/analysis/hmac/applications/Griffin/Ref/k100.Umap.MultiTrackMappability.bw 		--chrom_sizes_path /projects/pangen/analysis/hmac/applications/Griffin/Ref/hg38.standard.chrom.sizes 		--sites_yaml /projects/pangen/analysis/hmac/applications/Griffin/snakemakes/griffin_nucleosome_profiling/config/sites.yaml 		--griffin_scripts /projects/pangen/analysis/hmac/applications/Griffin/scripts 		--chrom_column Chrom 		--position_column position 		--strand_column Strand 		--chroms chr1 chr2 chr3 chr4 chr5 chr6 chr7 chr8 chr9 chr10 chr11 chr12 chr13 chr14 chr15 chr16 chr17 chr18 chr19 chr20 chr21 chr22 		--norm_window -5000 5000 		--save_window -1000 1000 		--center_window -30 30 		--fft_window -960 960 		--fft_index 10 		--smoothing_length 165 		--exclude_paths /projects/pangen/analysis/hmac/applications/Griffin/Ref/encode_unified_GRCh38_exclusion_list.bed /projects/pangen/analysis/hmac/applications/Griffin/Ref/hg38_centromeres.bed /projects/pangen/analysis/hmac/applications/Griffin/Ref/hg38_gaps.bed /projects/pangen/analysis/hmac/applications/Griffin/Ref/hg38_fix_patches.bed /projects/pangen/analysis/hmac/applications/Griffin/Ref/hg38_alternative_haplotypes.bed 		--step 15 		--CNA_normalization False 		--individual False 		--smoothing True 		--exclude_outliers True 		--exclude_zero_mappability True 		--number_of_sites none 		--sort_by none 		--ascending none 		--CPU 16 
        (one of the commands exited with non-zero exit code; note that snakemake uses bash strict mode!)
    cluster_jobid: Submitted batch job 18413905

Error executing rule merge_sites on cluster (jobid: 36, external: Submitted batch job 18413905, jobscript: /projects/pangen/analysis/hmac/applications/Griffin/snakemakes/griffin_nucleosome_profiling/.snakemake/tmp.t_vdv6dl/snakejob.merge_sites.36.sh). For error details see the cluster log and the log files of the involved rule(s).
Job failed, going on with independent jobs.
Exiting because a job execution failed. Look above for error message
Complete log: /projects/pangen/analysis/hmac/applications/Griffin/snakemakes/griffin_nucleosome_profiling/.snakemake/log/2025-10-15T170517.075006.snakemake.log
